vehicle_id,report_count,median_interval_sec,mean_interval_sec,max_interval_sec
18024,3,3.0,20.7,57.0
18107,3,18.0,21.0,43.0
8138,2,18.5,18.5,35.0
9692,3,19.0,21.0,41.0
18351,3,22.0,24.7,36.0
9636,1,23.0,23.0,23.0
19419,3,23.0,26.0,52.0
24123,3,24.0,25.3,33.0
9776,3,25.0,23.7,30.0
25163,3,25.0,23.3,29.0
25177,3,25.0,30.0,47.0
2565,3,25.0,26.7,30.0
18102,3,25.0,22.3,30.0
2130,2,25.5,25.5,29.0
18403,3,26.0,25.7,30.0
18155,3,26.0,22.0,28.0
2510,3,26.0,26.0,37.0
9648,3,26.0,24.7,30.0
9572,3,27.0,32.0,42.0
2518,3,27.0,30.3,52.0
25613,3,27.0,28.7,35.0
25504,3,27.0,33.0,53.0
23602,3,27.0,25.3,32.0
2502,3,27.0,33.3,53.0
2213,3,27.0,29.7,37.0
18166,3,28.0,27.3,31.0
19006,3,28.0,29.0,33.0
19401,3,28.0,25.0,31.0
18121,3,28.0,27.0,33.0
15005,3,28.0,28.7,41.0
18308,3,28.0,25.0,44.0
18316,3,28.0,29.0,33.0
18387,3,28.0,31.7,45.0
2160,3,28.0,29.7,33.0
21542,3,28.0,28.3,30.0
21021,3,28.0,25.7,29.0
25129,3,28.0,22.3,31.0
9747,3,28.0,32.7,44.0
25103,3,28.0,27.7,41.0
25130,3,28.0,26.7,46.0
9653,3,28.0,28.0,30.0
9664,3,28.0,24.0,30.0
2171,3,29.0,29.3,30.0
2194,3,29.0,21.7,34.0
18369,3,29.0,30.3,36.0
18307,3,29.0,28.7,37.0
18138,3,29.0,35.3,50.0
19140,3,29.0,26.0,30.0
18343,3,29.0,29.7,31.0
19001,3,29.0,20.3,30.0
19018,3,29.0,20.7,29.0
19032,3,29.0,29.7,31.0
18168,3,29.0,27.7,30.0
16120,3,29.0,25.3,29.0
18015,3,29.0,25.0,31.0
18145,3,29.0,22.0,30.0
18110,3,29.0,29.0,30.0
16050,3,29.0,26.3,30.0
12017,3,29.0,27.3,38.0
12005,3,29.0,29.3,36.0
15003,3,29.0,22.7,37.0
14025,3,29.0,23.3,31.0
16037,3,29.0,28.7,35.0
12014,3,29.0,23.7,30.0
23005,3,29.0,25.0,30.0
2286,3,29.0,24.7,30.0
2271,3,29.0,26.3,29.0
2289,3,29.0,27.7,30.0
23004,3,29.0,30.7,34.0
2259,2,29.0,29.0,56.0
2529,3,29.0,30.0,33.0
23604,3,29.0,29.7,31.0
25120,3,29.0,25.7,31.0
2523,3,29.0,28.3,30.0
2221,3,29.0,26.7,29.0
2212,3,29.0,33.0,42.0
2186,3,29.0,29.7,31.0
21538,3,29.0,29.7,31.0
21517,3,29.0,22.7,30.0
2105,3,29.0,28.3,30.0
9686,3,29.0,24.3,30.0
9418,3,29.0,21.3,29.0
9565,3,29.0,26.7,31.0
9452,3,29.0,29.7,32.0
9402,3,29.0,29.3,31.0
9620,3,29.0,29.3,31.0
9753,3,29.0,28.3,32.0
9659,3,29.0,29.3,30.0
7493,1,29.0,29.0,29.0
2547,3,29.0,24.3,29.0
24611,3,29.0,25.7,29.0
24144,3,29.0,29.3,30.0
81216,3,29.0,29.7,31.0
81213,3,29.0,143.0,389.0
81215,3,29.0,28.3,30.0
25515,3,29.0,30.0,52.0
18023,3,29.0,29.7,31.0
18160,3,29.0,25.0,30.0
9453,2,29.5,29.5,30.0
2199,3,30.0,34.0,55.0
21510,3,30.0,30.0,31.0
21503,3,30.0,29.7,30.0
21407,3,30.0,29.7,31.0
2181,3,30.0,30.0,31.0
19130,3,30.0,29.7,30.0
18396,3,30.0,30.3,32.0
19017,3,30.0,29.7,30.0
19128,3,30.0,34.3,61.0
19009,3,30.0,26.7,30.0
18352,3,30.0,36.3,50.0
19011,3,30.0,30.0,32.0
2129,3,30.0,29.3,30.0
2220,3,30.0,29.7,31.0
2222,3,30.0,33.0,50.0
18104,3,30.0,30.0,31.0
18310,3,30.0,30.3,32.0
16040,3,30.0,30.3,32.0
18117,3,30.0,29.3,31.0
19136,3,30.0,29.0,45.0
18047,3,30.0,30.0,31.0
18193,1,30.0,30.0,30.0
18035,3,30.0,30.3,32.0
18006,3,30.0,29.0,32.0
18028,3,30.0,30.0,31.0
15011,3,30.0,26.0,30.0
16201,3,30.0,30.7,33.0
14021,3,30.0,30.0,31.0
14010,3,30.0,30.0,31.0
9769,3,30.0,31.3,34.0
9756,3,30.0,30.0,31.0
9614,3,30.0,31.7,36.0
9415,3,30.0,28.7,32.0
9606,3,30.0,30.0,31.0
8133,3,30.0,28.3,43.0
9586,3,30.0,29.7,30.0
9714,3,30.0,31.3,36.0
24133,3,30.0,30.0,31.0
24150,3,30.0,30.7,43.0
2512,3,30.0,29.7,30.0
23212,3,30.0,29.7,31.0
23007,3,30.0,34.0,44.0
23001,3,30.0,30.0,31.0
2268,3,30.0,32.0,36.0
2247,3,30.0,30.7,32.0
24129,3,30.0,30.3,32.0
2532,3,30.0,30.0,31.0
25139,3,30.0,29.0,30.0
25132,3,30.0,30.0,31.0
23013,3,30.0,30.0,31.0
2537,3,30.0,30.3,32.0
23014,3,30.0,30.0,30.0
24104,3,30.0,29.7,31.0
24119,3,30.0,29.3,35.0
2279,3,30.0,30.0,31.0
25125,2,30.5,30.5,33.0
23209,3,31.0,35.0,44.0
9726,3,31.0,31.7,34.0
9783,3,31.0,35.3,47.0
9704,3,31.0,27.0,42.0
9787,3,31.0,45.7,78.0
18106,3,31.0,32.3,36.0
18137,3,31.0,36.3,48.0
21516,3,31.0,33.0,42.0
19120,3,31.0,40.7,63.0
18348,1,31.0,31.0,31.0
19105,3,31.0,35.7,45.0
18205,3,31.0,31.0,33.0
18197,3,31.0,31.7,34.0
16032,3,31.0,31.7,35.0
16022,3,31.0,37.3,50.0
15014,3,31.0,33.7,59.0
16002,3,31.0,31.3,34.0
18036,3,31.0,31.0,32.0
18044,3,31.0,30.3,32.0
16102,3,31.0,30.3,32.0
18026,3,31.0,34.3,43.0
19022,3,31.0,30.0,31.0
24139,3,31.0,26.0,32.0
24130,3,31.0,31.0,44.0
2249,3,31.0,35.7,46.0
2235,3,31.0,26.3,47.0
2232,3,31.0,34.0,40.0
2250,3,31.0,31.3,45.0
9698,3,31.0,30.0,34.0
8142,3,31.0,30.3,32.0
8152,3,31.0,34.3,45.0
2555,3,31.0,30.0,31.0
8131,3,31.0,30.7,32.0
24518,3,31.0,30.0,33.0
21409,3,31.0,33.0,40.0
2177,3,31.0,30.0,39.0
2179,3,31.0,30.3,32.0
24528,3,31.0,29.3,31.0
9662,3,32.0,27.7,34.0
9675,3,32.0,32.3,35.0
9697,3,32.0,38.0,51.0
8125,3,32.0,34.0,51.0
9781,3,32.0,32.7,36.0
9548,3,32.0,33.0,40.0
9526,3,32.0,37.7,52.0
24101,3,32.0,36.7,46.0
25166,3,32.0,33.3,38.0
2246,3,32.0,36.0,45.0
18126,3,32.0,37.3,50.0
2163,3,32.0,30.7,48.0
2541,3,32.0,28.0,45.0
2509,3,32.0,31.3,32.0
25179,3,32.0,35.7,47.0
21013,3,32.0,37.7,50.0
18355,3,32.0,33.7,37.0
18179,3,32.0,33.0,38.0
16126,3,32.0,39.7,56.0
18171,3,33.0,27.3,47.0
16004,3,33.0,33.7,38.0
19424,3,33.0,32.7,33.0
2204,3,33.0,35.3,41.0
23015,3,33.0,27.7,48.0
21533,3,33.0,35.7,43.0
18322,3,33.0,29.7,51.0
23213,3,33.0,31.7,33.0
2514,3,33.0,34.3,45.0
2147,3,34.0,32.3,35.0
9579,3,34.0,34.7,38.0
24111,3,34.0,26.7,44.0
25170,3,35.0,32.7,37.0
18192,3,35.0,33.0,42.0
18357,3,35.0,34.0,36.0
25516,3,36.0,35.0,40.0
9722,3,36.0,31.0,44.0
9436,3,36.0,35.0,40.0
9463,3,37.0,32.7,38.0
9628,3,37.0,30.7,37.0
14038,3,37.0,30.3,39.0
16025,3,37.0,28.7,47.0
24509,3,37.0,34.3,54.0
9720,3,38.0,32.7,48.0
2574,3,38.0,34.7,45.0
2151,3,39.0,37.3,43.0
22001,2,44.5,44.5,58.0
18005,2,45.0,45.0,60.0
2248,2,45.0,45.0,59.0
19408,2,50.5,50.5,55.0
24107,2,54.0,54.0,56.0
21016,3,54.0,105.3,231.0
9690,2,59.0,59.0,89.0
25164,2,59.0,59.0,59.0
18311,1,59.0,59.0,59.0
21511,2,75.0,75.0,91.0
18397,1,87.0,87.0,87.0
2551,1,87.0,87.0,87.0
18187,2,96.0,96.0,163.0
18051,1,152.0,152.0,152.0
18159,2,166.5,166.5,303.0
16117,2,302.5,302.5,571.0
