route_id,total_records,first_seen,last_seen,active_hours,active_span_hours
6641,10429,2026-05-14 17:54:59,2026-05-14 23:59:32,6,6.08
6636,9691,2026-05-14 17:54:59,2026-05-14 23:59:32,6,6.08
37810,8803,2026-05-14 17:54:59,2026-05-14 23:59:32,6,6.08
6622,7996,2026-05-14 17:54:59,2026-05-14 23:59:32,6,6.08
6627,6344,2026-05-14 17:54:59,2026-05-14 23:59:32,6,6.08
6705,6285,2026-05-14 17:54:59,2026-05-14 23:59:32,6,6.08
23384,5895,2026-05-14 17:54:59,2026-05-14 23:59:32,6,6.08
6624,5627,2026-05-14 17:54:59,2026-05-14 23:59:32,6,6.08
16718,5590,2026-05-14 17:54:59,2026-05-14 23:59:32,6,6.08
37807,5460,2026-05-14 17:54:59,2026-05-14 23:59:32,6,6.08
6712,5247,2026-05-14 17:54:59,2026-05-14 23:59:32,6,6.08
6617,5236,2026-05-14 17:54:59,2026-05-14 23:59:32,6,6.08
6687,4968,2026-05-14 17:54:59,2026-05-14 23:59:32,6,6.08
6619,4946,2026-05-14 17:54:59,2026-05-14 23:59:32,6,6.08
6728,4650,2026-05-14 17:54:59,2026-05-14 23:59:32,6,6.08
6614,4600,2026-05-14 17:54:59,2026-05-14 23:59:32,6,6.08
6651,4481,2026-05-14 17:54:59,2026-05-14 23:59:32,6,6.08
6642,4446,2026-05-14 17:54:59,2026-05-14 23:59:32,6,6.08
6682,4172,2026-05-14 17:54:59,2026-05-14 23:59:32,6,6.08
6738,4021,2026-05-14 17:54:59,2026-05-14 23:59:32,6,6.08
6737,4007,2026-05-14 17:54:59,2026-05-14 23:59:32,6,6.08
6667,3995,2026-05-14 17:54:59,2026-05-14 23:59:32,6,6.08
6706,3993,2026-05-14 17:54:59,2026-05-14 23:59:32,6,6.08
6625,3951,2026-05-14 17:54:59,2026-05-14 23:59:32,6,6.08
6749,3786,2026-05-14 17:54:59,2026-05-14 23:59:32,6,6.08
6704,3728,2026-05-14 17:54:59,2026-05-14 23:59:32,6,6.08
6626,3715,2026-05-14 17:54:59,2026-05-14 23:59:32,6,6.08
6715,3672,2026-05-14 17:54:59,2026-05-14 23:59:32,6,6.08
6748,3633,2026-05-14 17:54:59,2026-05-14 23:59:32,6,6.08
46604,3552,2026-05-14 17:54:59,2026-05-14 23:59:32,6,6.08
6613,3503,2026-05-14 17:54:59,2026-05-14 23:59:32,6,6.08
37808,3459,2026-05-14 17:54:59,2026-05-14 23:59:32,6,6.08
6730,3447,2026-05-14 17:54:59,2026-05-14 23:59:32,6,6.08
11201,3405,2026-05-14 17:54:59,2026-05-14 23:59:32,6,6.08
6620,3307,2026-05-14 17:54:59,2026-05-14 23:59:32,6,6.08
6612,3166,2026-05-14 17:54:59,2026-05-14 23:59:32,6,6.08
6657,3150,2026-05-14 17:54:59,2026-05-14 23:59:32,6,6.08
6649,3034,2026-05-14 17:54:59,2026-05-14 23:59:32,6,6.08
6618,3033,2026-05-14 17:54:59,2026-05-14 23:59:32,6,6.08
11692,3009,2026-05-14 17:54:59,2026-05-14 23:59:32,6,6.08
6741,2996,2026-05-14 17:54:59,2026-05-14 23:59:32,6,6.08
29038,2988,2026-05-14 17:54:59,2026-05-14 23:59:32,6,6.08
37809,2896,2026-05-14 17:54:59,2026-05-14 23:59:32,6,6.08
6623,2889,2026-05-14 17:54:59,2026-05-14 23:59:32,6,6.08
6703,2852,2026-05-14 17:54:59,2026-05-14 23:59:32,6,6.08
6821,2827,2026-05-14 17:54:59,2026-05-14 23:59:32,6,6.08
6698,2823,2026-05-14 17:54:59,2026-05-14 23:59:32,6,6.08
6819,2759,2026-05-14 17:54:59,2026-05-14 23:59:32,6,6.08
6633,2724,2026-05-14 17:54:59,2026-05-14 23:59:32,6,6.08
6645,2723,2026-05-14 17:54:59,2026-05-14 23:59:32,6,6.08
6616,2676,2026-05-14 17:54:59,2026-05-14 23:59:32,6,6.08
38311,2662,2026-05-14 17:54:59,2026-05-14 23:59:32,6,6.08
6615,2629,2026-05-14 17:54:59,2026-05-14 23:59:32,6,6.08
6714,2612,2026-05-14 17:54:59,2026-05-14 23:59:32,6,6.08
6638,2589,2026-05-14 17:54:59,2026-05-14 23:59:32,6,6.08
6724,2552,2026-05-14 17:54:59,2026-05-14 23:59:32,6,6.08
18705,2465,2026-05-14 17:54:59,2026-05-14 23:59:32,6,6.08
6648,2414,2026-05-14 17:54:59,2026-05-14 23:59:32,6,6.08
6727,2406,2026-05-14 17:54:59,2026-05-14 23:59:32,6,6.08
6672,2336,2026-05-14 17:54:59,2026-05-14 23:59:32,6,6.08
6693,2317,2026-05-14 17:54:59,2026-05-14 23:59:32,6,6.08
7224,2274,2026-05-14 17:54:59,2026-05-14 23:59:32,6,6.08
6673,2246,2026-05-14 17:54:59,2026-05-14 23:59:32,6,6.08
6630,2232,2026-05-14 17:54:59,2026-05-14 23:59:32,6,6.08
6707,2230,2026-05-14 17:54:59,2026-05-14 23:59:32,6,6.08
6692,2222,2026-05-14 17:54:59,2026-05-14 23:59:32,6,6.08
6646,2193,2026-05-14 17:54:59,2026-05-14 23:59:32,6,6.08
6666,2170,2026-05-14 17:54:59,2026-05-14 23:59:32,6,6.08
11693,2102,2026-05-14 17:54:59,2026-05-14 23:59:32,6,6.08
6635,2088,2026-05-14 17:54:59,2026-05-14 23:59:32,6,6.08
30055,2061,2026-05-14 17:54:59,2026-05-14 23:59:32,6,6.08
39305,2023,2026-05-14 22:15:20,2026-05-14 23:59:32,2,1.74
6822,1958,2026-05-14 17:54:59,2026-05-14 23:59:32,6,6.08
34542,1952,2026-05-14 17:54:59,2026-05-14 23:59:32,6,6.08
34543,1939,2026-05-14 17:54:59,2026-05-14 23:59:32,6,6.08
6680,1899,2026-05-14 17:54:59,2026-05-14 23:59:32,6,6.08
6722,1888,2026-05-14 17:54:59,2026-05-14 23:59:32,6,6.08
32799,1886,2026-05-14 17:54:59,2026-05-14 23:59:32,6,6.08
7321,1874,2026-05-14 17:54:59,2026-05-14 23:59:32,6,6.08
30043,1873,2026-05-14 17:54:59,2026-05-14 23:59:32,6,6.08
6747,1871,2026-05-14 17:54:59,2026-05-14 23:59:32,6,6.08
6628,1855,2026-05-14 17:54:59,2026-05-14 23:59:32,6,6.08
6637,1826,2026-05-14 17:54:59,2026-05-14 23:59:32,6,6.08
6650,1804,2026-05-14 17:54:59,2026-05-14 23:59:32,6,6.08
6643,1799,2026-05-14 17:54:59,2026-05-14 23:59:32,6,6.08
30046,1746,2026-05-14 17:54:59,2026-05-14 23:59:32,6,6.08
6726,1711,2026-05-14 17:54:59,2026-05-14 23:59:32,6,6.08
6713,1688,2026-05-14 17:54:59,2026-05-14 23:59:32,6,6.08
6679,1661,2026-05-14 17:54:59,2026-05-14 23:59:32,6,6.08
22638,1635,2026-05-14 17:54:59,2026-05-14 23:59:32,6,6.08
20667,1616,2026-05-14 17:54:59,2026-05-14 23:59:32,6,6.08
6621,1612,2026-05-14 17:54:59,2026-05-14 23:59:32,6,6.08
6685,1611,2026-05-14 17:54:59,2026-05-14 23:59:32,6,6.08
6700,1549,2026-05-14 17:54:59,2026-05-14 23:59:32,6,6.08
6660,1538,2026-05-14 17:54:59,2026-05-14 23:59:32,6,6.08
6662,1501,2026-05-14 17:54:59,2026-05-14 23:59:32,6,6.08
6644,1496,2026-05-14 17:54:59,2026-05-14 23:59:32,6,6.08
6661,1495,2026-05-14 17:54:59,2026-05-14 23:59:32,6,6.08
6629,1462,2026-05-14 17:54:59,2026-05-14 23:59:32,6,6.08
17707,1452,2026-05-14 17:54:59,2026-05-14 23:59:32,6,6.08
6647,1436,2026-05-14 17:54:59,2026-05-14 23:59:32,6,6.08
6723,1415,2026-05-14 17:54:59,2026-05-14 23:59:32,6,6.08
8290,1403,2026-05-14 17:54:59,2026-05-14 23:59:32,6,6.08
6708,1402,2026-05-14 17:54:59,2026-05-14 23:59:32,6,6.08
6658,1389,2026-05-14 17:54:59,2026-05-14 23:59:32,6,6.08
39307,1386,2026-05-14 17:54:59,2026-05-14 23:59:32,6,6.08
6676,1345,2026-05-14 17:54:59,2026-05-14 23:59:32,6,6.08
6677,1344,2026-05-14 17:54:59,2026-05-14 23:59:32,6,6.08
11696,1325,2026-05-14 17:54:59,2026-05-14 23:59:32,6,6.08
30039,1315,2026-05-14 17:54:59,2026-05-14 23:59:32,6,6.08
33292,1301,2026-05-14 17:54:59,2026-05-14 23:59:32,6,6.08
6817,1288,2026-05-14 17:54:59,2026-05-14 23:59:32,6,6.08
12940,1280,2026-05-14 17:54:59,2026-05-14 23:59:32,6,6.08
6664,1199,2026-05-14 17:54:59,2026-05-14 23:59:32,6,6.08
6652,1180,2026-05-14 17:54:59,2026-05-14 23:59:32,6,6.08
6654,1172,2026-05-14 17:54:59,2026-05-14 23:59:32,6,6.08
6702,1166,2026-05-14 17:54:59,2026-05-14 23:59:32,6,6.08
6663,1161,2026-05-14 17:54:59,2026-05-14 23:59:32,6,6.08
30038,1159,2026-05-14 17:54:59,2026-05-14 23:59:32,6,6.08
6709,1112,2026-05-14 17:54:59,2026-05-14 23:59:32,6,6.08
6665,1108,2026-05-14 17:54:59,2026-05-14 23:59:32,6,6.08
30040,1102,2026-05-14 17:54:59,2026-05-14 23:59:32,6,6.08
31819,1098,2026-05-14 17:54:59,2026-05-14 23:59:32,6,6.08
30049,1095,2026-05-14 17:54:59,2026-05-14 23:59:32,6,6.08
6678,1081,2026-05-14 17:54:59,2026-05-14 23:59:32,6,6.08
33538,1070,2026-05-14 17:54:59,2026-05-14 23:59:32,6,6.08
6725,1055,2026-05-14 17:54:59,2026-05-14 23:59:32,6,6.08
30045,1053,2026-05-14 17:54:59,2026-05-14 23:59:32,6,6.08
6818,1012,2026-05-14 17:54:59,2026-05-14 23:59:32,6,6.08
30037,955,2026-05-14 17:54:59,2026-05-14 23:59:32,6,6.08
40855,945,2026-05-14 17:54:59,2026-05-14 23:59:32,6,6.08
6659,941,2026-05-14 17:54:59,2026-05-14 23:59:32,6,6.08
6631,921,2026-05-14 17:54:59,2026-05-14 23:59:32,6,6.08
6806,919,2026-05-14 17:54:59,2026-05-14 23:59:32,6,6.08
6668,918,2026-05-14 17:54:59,2026-05-14 23:59:32,6,6.08
36799,908,2026-05-14 17:54:59,2026-05-14 23:59:32,6,6.08
6690,901,2026-05-14 17:54:59,2026-05-14 23:59:32,6,6.08
30041,897,2026-05-14 22:15:20,2026-05-14 23:59:32,2,1.74
30050,895,2026-05-14 17:54:59,2026-05-14 23:59:32,6,6.08
39304,865,2026-05-14 17:54:59,2026-05-14 23:59:32,6,6.08
16719,843,2026-05-14 17:54:59,2026-05-14 23:59:32,6,6.08
6780,835,2026-05-14 17:54:59,2026-05-14 23:59:32,6,6.08
6828,788,2026-05-14 17:54:59,2026-05-14 23:59:32,6,6.08
34043,783,2026-05-14 17:59:31,2026-05-14 23:59:32,5,6.0
31816,775,2026-05-14 17:54:59,2026-05-14 23:59:32,6,6.08
30047,768,2026-05-14 17:54:59,2026-05-14 23:59:32,6,6.08
6799,764,2026-05-14 17:54:59,2026-05-14 23:59:32,6,6.08
6701,760,2026-05-14 17:54:59,2026-05-14 23:59:32,6,6.08
6720,759,2026-05-14 22:15:20,2026-05-14 23:59:32,2,1.74
6800,744,2026-05-14 17:54:59,2026-05-14 23:59:32,6,6.08
6656,744,2026-05-14 17:54:59,2026-05-14 23:59:32,6,6.08
6796,744,2026-05-14 17:54:59,2026-05-14 23:59:32,6,6.08
45596,738,2026-05-14 17:54:59,2026-05-14 23:59:32,6,6.08
22639,727,2026-05-14 17:54:59,2026-05-14 23:59:32,6,6.08
6739,726,2026-05-14 22:15:20,2026-05-14 23:59:32,2,1.74
6691,719,2026-05-14 17:54:59,2026-05-14 23:59:32,6,6.08
31817,717,2026-05-14 17:54:59,2026-05-14 23:59:32,6,6.08
6827,713,2026-05-14 17:54:59,2026-05-14 23:59:32,6,6.08
9745,693,2026-05-14 22:15:20,2026-05-14 23:59:32,2,1.74
6674,687,2026-05-14 17:54:59,2026-05-14 23:59:32,6,6.08
46099,671,2026-05-14 17:54:59,2026-05-14 23:59:32,6,6.08
30048,667,2026-05-14 17:54:59,2026-05-14 23:59:32,6,6.08
13684,664,2026-05-14 17:54:59,2026-05-14 23:59:32,6,6.08
30584,653,2026-05-14 17:54:59,2026-05-14 23:59:32,6,6.08
30036,647,2026-05-14 17:54:59,2026-05-14 23:59:32,6,6.08
48855,627,2026-05-14 17:54:59,2026-05-14 23:59:32,6,6.08
31822,618,2026-05-14 17:54:59,2026-05-14 23:59:32,6,6.08
34042,617,2026-05-14 17:54:59,2026-05-14 23:54:53,6,6.0
6688,596,2026-05-14 17:54:59,2026-05-14 23:59:32,6,6.08
6716,596,2026-05-14 22:15:20,2026-05-14 23:59:32,2,1.74
6699,562,2026-05-14 22:15:20,2026-05-14 23:59:32,2,1.74
31821,553,2026-05-14 17:54:59,2026-05-14 23:59:32,6,6.08
34541,549,2026-05-14 17:54:59,2026-05-14 23:59:32,6,6.08
6790,542,2026-05-14 17:54:59,2026-05-14 23:59:32,6,6.08
6742,524,2026-05-14 22:15:20,2026-05-14 23:59:32,2,1.74
6710,523,2026-05-14 17:54:59,2026-05-14 23:59:32,6,6.08
6689,515,2026-05-14 18:17:36,2026-05-14 23:59:32,4,5.7
6675,509,2026-05-14 17:54:59,2026-05-14 23:59:32,6,6.08
6683,482,2026-05-14 22:30:26,2026-05-14 23:59:32,2,1.49
30051,469,2026-05-14 17:54:59,2026-05-14 23:59:32,6,6.08
30044,460,2026-05-14 17:54:59,2026-05-14 23:59:32,6,6.08
34540,388,2026-05-14 17:54:59,2026-05-14 23:59:32,6,6.08
10232,385,2026-05-14 17:54:59,2026-05-14 23:59:32,6,6.08
6779,372,2026-05-14 17:54:59,2026-05-14 23:59:32,6,6.08
6825,372,2026-05-14 17:54:59,2026-05-14 23:59:32,6,6.08
31818,368,2026-05-14 17:54:59,2026-05-14 23:59:32,6,6.08
6829,365,2026-05-14 22:15:20,2026-05-14 23:59:32,2,1.74
6811,359,2026-05-14 17:54:59,2026-05-14 23:59:01,6,6.07
6823,355,2026-05-14 17:54:59,2026-05-14 23:59:32,6,6.08
6805,339,2026-05-14 17:54:59,2026-05-14 23:59:32,5,6.08
6721,323,2026-05-14 22:15:20,2026-05-14 23:59:32,2,1.74
6776,321,2026-05-14 18:08:50,2026-05-14 23:59:32,4,5.85
6717,313,2026-05-14 22:55:53,2026-05-14 23:59:32,2,1.06
6844,281,2026-05-14 18:00:02,2026-05-14 23:50:13,5,5.84
7322,252,2026-05-14 17:54:59,2026-05-14 23:59:32,6,6.08
6743,215,2026-05-14 22:53:50,2026-05-14 23:59:32,2,1.1
6718,213,2026-05-14 22:38:47,2026-05-14 23:59:32,2,1.35
6843,210,2026-05-14 17:54:59,2026-05-14 23:59:32,4,6.08
6744,194,2026-05-14 22:52:47,2026-05-14 23:59:32,2,1.11
6686,127,2026-05-14 23:06:16,2026-05-14 23:59:32,1,0.89
18213,119,2026-05-14 22:44:30,2026-05-14 23:53:50,2,1.16
6804,108,2026-05-14 17:54:59,2026-05-14 23:59:32,5,6.08
6754,108,2026-05-14 22:15:20,2026-05-14 23:11:27,2,0.94
6745,99,2026-05-14 22:15:20,2026-05-14 23:59:32,2,1.74
6719,59,2026-05-14 23:29:32,2026-05-14 23:59:32,1,0.5
6761,49,2026-05-14 22:15:20,2026-05-14 22:40:20,1,0.42
6762,46,2026-05-14 22:15:20,2026-05-14 22:38:47,1,0.39
