service_date,collection_timestamp,api_vehicle_timestamp,vehicle_id,route_id,trip_id,direction_id,shape_id,latitude,longitude,approx_shape_dist_traveled,nearest_shape_sequence,projection_error_m
2026-05-23 00:00:00,2026-05-23 08:52:34.720731-07,2026-05-23 08:52:21-07,19035,6641,14926014,1,312529,49.27311706542969,-123.02120208740234,0.0,1,907.4826815239579
2026-05-23 00:00:00,2026-05-23 08:53:05.299513-07,2026-05-23 08:52:21-07,19035,6641,14926014,1,312529,49.27311706542969,-123.02120208740234,0.0,1,907.4826815239579
2026-05-23 00:00:00,2026-05-23 12:13:16.597511-07,2026-05-23 12:13:02-07,22013,6641,14926043,1,312529,49.27301788330078,-123.02149963378906,0.0,1,890.6952127981175
2026-05-23 00:00:00,2026-05-23 12:13:47.311452-07,2026-05-23 12:13:03-07,22013,6641,14926043,1,312529,49.27301788330078,-123.02149963378906,0.0,1,890.6952127981175
2026-05-23 00:00:00,2026-05-23 06:18:56.456985-07,2026-05-23 06:16:16-07,15019,6641,14925999,1,312529,49.271751403808594,-123.0217514038086,0.0,1,750.6835590413957
2026-05-23 00:00:00,2026-05-23 06:19:26.972893-07,2026-05-23 06:16:16-07,15019,6641,14925999,1,312529,49.271751403808594,-123.0217514038086,0.0,1,750.6835590413957
2026-05-23 00:00:00,2026-05-23 06:19:57.536087-07,2026-05-23 06:16:16-07,15019,6641,14925999,1,312529,49.271751403808594,-123.0217514038086,0.0,1,750.6835590413957
2026-05-23 00:00:00,2026-05-23 06:20:28.042174-07,2026-05-23 06:16:16-07,15019,6641,14925999,1,312529,49.271751403808594,-123.0217514038086,0.0,1,750.6835590413957
2026-05-23 00:00:00,2026-05-23 06:20:58.697996-07,2026-05-23 06:16:16-07,15019,6641,14925999,1,312529,49.271751403808594,-123.0217514038086,0.0,1,750.6835590413957
2026-05-23 00:00:00,2026-05-23 06:21:29.202458-07,2026-05-23 06:16:16-07,15019,6641,14925999,1,312529,49.271751403808594,-123.0217514038086,0.0,1,750.6835590413957
2026-05-23 00:00:00,2026-05-23 06:21:59.746832-07,2026-05-23 06:16:16-07,15019,6641,14925999,1,312529,49.271751403808594,-123.0217514038086,0.0,1,750.6835590413957
2026-05-23 00:00:00,2026-05-23 06:22:30.233445-07,2026-05-23 06:16:16-07,15019,6641,14925999,1,312529,49.271751403808594,-123.0217514038086,0.0,1,750.6835590413957
2026-05-23 00:00:00,2026-05-23 06:23:00.89878-07,2026-05-23 06:16:16-07,15019,6641,14925999,1,312529,49.271751403808594,-123.0217514038086,0.0,1,750.6835590413957
2026-05-23 00:00:00,2026-05-23 06:23:31.379663-07,2026-05-23 06:16:16-07,15019,6641,14925999,1,312529,49.271751403808594,-123.0217514038086,0.0,1,750.6835590413957
2026-05-23 00:00:00,2026-05-23 06:24:02.129764-07,2026-05-23 06:16:16-07,15019,6641,14925999,1,312529,49.271751403808594,-123.0217514038086,0.0,1,750.6835590413957
2026-05-23 00:00:00,2026-05-23 06:24:32.774981-07,2026-05-23 06:16:16-07,15019,6641,14925999,1,312529,49.271751403808594,-123.0217514038086,0.0,1,750.6835590413957
2026-05-23 00:00:00,2026-05-23 06:25:03.534001-07,2026-05-23 06:16:16-07,15019,6641,14925999,1,312529,49.271751403808594,-123.0217514038086,0.0,1,750.6835590413957
2026-05-23 00:00:00,2026-05-23 06:25:34.051084-07,2026-05-23 06:16:16-07,15019,6641,14925999,1,312529,49.271751403808594,-123.0217514038086,0.0,1,750.6835590413957
2026-05-23 00:00:00,2026-05-23 06:26:04.686464-07,2026-05-23 06:16:16-07,15019,6641,14925999,1,312529,49.271751403808594,-123.0217514038086,0.0,1,750.6835590413957
2026-05-23 00:00:00,2026-05-23 06:16:53.969832-07,2026-05-23 06:16:16-07,15019,6641,14925999,1,312529,49.271751403808594,-123.0217514038086,0.0,1,750.6835590413957
2026-05-23 00:00:00,2026-05-23 06:17:24.520366-07,2026-05-23 06:16:16-07,15019,6641,14925999,1,312529,49.271751403808594,-123.0217514038086,0.0,1,750.6835590413957
2026-05-23 00:00:00,2026-05-23 06:17:55.138282-07,2026-05-23 06:16:16-07,15019,6641,14925999,1,312529,49.271751403808594,-123.0217514038086,0.0,1,750.6835590413957
2026-05-23 00:00:00,2026-05-23 06:18:25.606945-07,2026-05-23 06:16:16-07,15019,6641,14925999,1,312529,49.271751403808594,-123.0217514038086,0.0,1,750.6835590413957
2026-05-23 00:00:00,2026-05-23 02:24:19.417967-07,2026-05-23 02:24:03-07,19044,6641,14925848,1,312530,49.2637825012207,-123.2229995727539,12.2434,121,504.3921751819325
2026-05-23 00:00:00,2026-05-23 17:15:52.850138-07,2026-05-23 17:15:36-07,8147,6641,14926084,1,312530,49.263832092285156,-123.22301483154297,12.2434,121,503.4939215323979
2026-05-23 00:00:00,2026-05-23 08:36:13.612969-07,2026-05-23 08:35:29-07,22012,6641,14926007,1,312530,49.26380157470703,-123.22281646728516,11.2204,120,502.14090007743823
2026-05-23 00:00:00,2026-05-23 10:06:25.03362-07,2026-05-23 10:06:08-07,19041,6641,14925872,0,312527,49.26369857788086,-123.22277069091797,2.5945,37,498.73211590581946
2026-05-23 00:00:00,2026-05-23 08:13:14.709743-07,2026-05-23 08:12:53-07,19041,6641,14926005,1,312529,49.26380157470703,-123.22309875488281,15.1734,181,497.2729001772917
2026-05-23 00:00:00,2026-05-23 11:25:12.245543-07,2026-05-23 11:24:41-07,16222,6641,14926029,1,312530,49.2637825012207,-123.22311401367188,12.2434,121,496.092355948286
2026-05-23 00:00:00,2026-05-23 22:30:05.489465-07,2026-05-23 22:29:52-07,24001,6641,14925974,0,312527,49.2636833190918,-123.22273254394531,2.5945,37,496.0218010978675
2026-05-23 00:00:00,2026-05-23 10:16:38.042335-07,2026-05-23 10:16:20-07,23009,6641,14925873,0,312527,49.2636833190918,-123.22273254394531,2.5945,37,496.0218010978675
2026-05-23 00:00:00,2026-05-23 17:35:48.909071-07,2026-05-23 17:35:13-07,24007,6641,14926087,1,312530,49.26380157470703,-123.22315216064453,12.2434,121,493.4002743447614
2026-05-23 00:00:00,2026-05-23 13:40:15.279247-07,2026-05-23 13:39:36-07,24011,6641,14925901,0,312527,49.2636833190918,-123.22298431396484,1.5845,36,492.69855940660614
2026-05-23 00:00:00,2026-05-23 22:50:02.401196-07,2026-05-23 22:49:51-07,19041,6641,14925976,0,312527,49.2636833190918,-123.22298431396484,1.5845,36,492.69855940660614
2026-05-23 00:00:00,2026-05-23 15:40:42.385368-07,2026-05-23 15:40:23-07,8147,6641,14925920,0,312527,49.2636833190918,-123.22266387939453,2.5945,37,491.04233805912605
2026-05-23 00:00:00,2026-05-23 15:41:12.965211-07,2026-05-23 15:40:23-07,8147,6641,14925920,0,312527,49.2636833190918,-123.22266387939453,2.5945,37,491.04233805912605
2026-05-23 00:00:00,2026-05-23 17:26:36.679395-07,2026-05-23 17:26:22-07,19041,6641,14926085,1,312530,49.26380157470703,-123.22319793701172,12.2434,121,490.08091446926323
2026-05-23 00:00:00,2026-05-23 08:03:32.667994-07,2026-05-23 08:03:16-07,16222,6641,14926004,1,312530,49.263816833496094,-123.2226333618164,11.2204,120,488.79805770191945
2026-05-23 00:00:00,2026-05-23 15:08:57.76207-07,2026-05-23 15:08:23-07,24005,6641,14925915,0,312527,49.26369857788086,-123.2226333618164,2.5945,37,488.77204388410786
2026-05-23 00:00:00,2026-05-23 17:05:38.033475-07,2026-05-23 17:04:54-07,16222,6641,14926082,1,312530,49.2637825012207,-123.2232666015625,12.2434,121,485.0261648549109
2026-05-23 00:00:00,2026-05-23 08:53:35.852894-07,2026-05-23 08:53:21-07,19035,6641,14926014,1,312529,49.269615173339844,-123.02375030517578,0.0,1,484.50329424233536
2026-05-23 00:00:00,2026-05-23 19:23:46.26232-07,2026-05-23 19:23:18-07,22012,6641,14926102,1,312530,49.26380157470703,-123.22328186035156,12.2434,121,483.9955043649915
2026-05-23 00:00:00,2026-05-23 16:41:34.285528-07,2026-05-23 16:41:06-07,24013,6641,14926077,1,312530,49.26380157470703,-123.22254943847656,11.2204,120,482.7807207892099
2026-05-23 00:00:00,2026-05-23 15:13:34.859573-07,2026-05-23 15:12:51-07,22013,6641,14925916,0,312527,49.2636833190918,-123.22312927246094,1.5845,36,482.18966528814104
2026-05-23 00:00:00,2026-05-23 13:49:28.405495-07,2026-05-23 13:48:44-07,8147,6641,14925902,0,312527,49.263668060302734,-123.22312927246094,1.5845,36,482.1186454661182
2026-05-23 00:00:00,2026-05-23 15:52:58.297552-07,2026-05-23 15:52:06-07,22012,6641,14926070,1,312530,49.26380157470703,-123.22333526611328,12.2434,121,480.1230281316505
2026-05-23 00:00:00,2026-05-23 13:21:20.40455-07,2026-05-23 13:20:37-07,24011,6641,14926046,1,312530,49.26380157470703,-123.22335052490234,12.2434,121,479.0166147521143
2026-05-23 00:00:00,2026-05-23 12:58:17.104255-07,2026-05-23 12:57:38-07,24005,6641,14926042,1,312530,49.26380157470703,-123.22248077392578,11.2204,120,477.8026021880103
2026-05-23 00:00:00,2026-05-23 17:08:41.838847-07,2026-05-23 17:07:54-07,22013,6641,14925935,0,312525,49.26373291015625,-123.22248077392578,2.5945,37,477.59583566538305
2026-05-23 00:00:00,2026-05-23 06:49:32.114318-07,2026-05-23 06:49:14-07,24007,6641,14925997,1,312529,49.2637825012207,-123.22246551513672,14.1504,180,476.7909211350885
2026-05-23 00:00:00,2026-05-23 16:54:21.726784-07,2026-05-23 16:53:50-07,24013,6641,14925932,0,312525,49.26369857788086,-123.22323608398438,1.5845,36,474.52478519671945
2026-05-23 00:00:00,2026-05-23 12:51:38.780085-07,2026-05-23 12:51:10-07,24013,6641,14926040,1,312530,49.263832092285156,-123.2224349975586,11.2204,120,474.3516004887265
2026-05-23 00:00:00,2026-05-23 22:09:42.099298-07,2026-05-23 22:09:24-07,24001,6641,14926119,1,312530,49.26380157470703,-123.22341918945312,12.2434,121,474.03780170823694
2026-05-23 00:00:00,2026-05-23 13:31:33.258247-07,2026-05-23 13:31:16-07,8147,6641,14926047,1,312529,49.263832092285156,-123.22239685058594,14.1504,180,471.5852796736152
2026-05-23 00:00:00,2026-05-23 12:17:22.280662-07,2026-05-23 12:16:47-07,22012,6641,14925889,0,312527,49.2636833190918,-123.22328186035156,1.5845,36,471.1281447429836
2026-05-23 00:00:00,2026-05-23 18:11:10.140198-07,2026-05-23 18:10:52-07,15019,6641,14926092,1,312530,49.26380157470703,-123.22238159179688,11.2204,120,470.6121507368268
2026-05-23 00:00:00,2026-05-23 10:12:32.723374-07,2026-05-23 10:12:11-07,22012,6641,14926020,1,312530,49.263816833496094,-123.22238159179688,11.2204,120,470.5423996354459
2026-05-23 00:00:00,2026-05-23 13:21:20.40455-07,2026-05-23 13:20:35-07,16222,6641,14926045,1,312530,49.2637825012207,-123.22348022460938,12.2434,121,469.53398109918095
2026-05-23 00:00:00,2026-05-23 11:00:04.753556-07,2026-05-23 10:59:33-07,23002,6641,14926026,1,312530,49.263816833496094,-123.22236633300781,11.2204,120,469.4360300356511
2026-05-23 00:00:00,2026-05-23 20:40:53.027842-07,2026-05-23 20:40:27-07,8147,6641,14926110,1,312530,49.263851165771484,-123.22236633300781,11.2204,120,469.3011116556667
2026-05-23 00:00:00,2026-05-23 23:39:28.450988-07,2026-05-23 23:38:56-07,24001,6641,14926127,1,312530,49.2637825012207,-123.22235107421875,11.2204,120,468.4959706972632
2026-05-23 00:00:00,2026-05-23 18:56:09.834543-07,2026-05-23 18:55:25-07,24005,6641,14925951,0,312527,49.26369857788086,-123.22332000732422,1.5845,36,468.4420995759218
2026-05-23 00:00:00,2026-05-23 17:57:19.481506-07,2026-05-23 17:56:48-07,19045,6641,14926091,1,312530,49.263832092285156,-123.22233581542969,11.2204,120,467.1592093088403
2026-05-23 00:00:00,2026-05-23 07:03:47.778117-07,2026-05-23 07:03:26-07,22012,6641,14925998,1,312529,49.2637825012207,-123.22351837158203,15.1734,181,466.7675828384833
2026-05-23 00:00:00,2026-05-23 07:39:00.685944-07,2026-05-23 07:38:14-07,19026,6641,14925855,0,312527,49.26369857788086,-123.22232055664062,2.5945,37,466.08600863450374
2026-05-23 00:00:00,2026-05-23 22:55:08.367901-07,2026-05-23 22:54:41-07,19015,6641,14926123,1,312530,49.2637825012207,-123.22354888916016,12.2434,121,464.554478606937
2026-05-23 00:00:00,2026-05-23 22:59:43.357184-07,2026-05-23 22:59:18-07,22012,6641,14925977,0,312527,49.26369857788086,-123.22229766845703,2.5945,37,464.4261014489734
2026-05-23 00:00:00,2026-05-23 16:37:59.390695-07,2026-05-23 16:37:10-07,16201,6641,14925930,0,312527,49.26369857788086,-123.22229766845703,2.5945,37,464.4261014489734
2026-05-23 00:00:00,2026-05-23 00:28:43.878183-07,2026-05-23 00:28:03-07,19020,6641,14925841,1,312530,49.26376724243164,-123.22356414794922,12.2434,121,463.3914663219082
2026-05-23 00:00:00,2026-05-23 09:12:01.402466-07,2026-05-23 09:11:35-07,19026,6641,14925864,0,312527,49.26371765136719,-123.22228240966797,2.5945,37,463.2527852260928
2026-05-23 00:00:00,2026-05-23 16:14:28.56389-07,2026-05-23 16:13:48-07,15019,6641,14926073,1,312530,49.26380157470703,-123.22357940673828,12.2434,121,462.4208829335827
2026-05-23 00:00:00,2026-05-23 11:41:04.176697-07,2026-05-23 11:40:51-07,19041,6641,14926031,1,312530,49.2637825012207,-123.22357940673828,12.2434,121,462.34138735761144
2026-05-23 00:00:00,2026-05-23 16:33:23.440141-07,2026-05-23 16:32:58-07,19026,6641,14925929,0,312525,49.26371765136719,-123.2222671508789,2.5945,37,462.14602784606467
2026-05-23 00:00:00,2026-05-23 06:02:06.296307-07,2026-05-23 06:01:49-07,19026,6641,14925994,1,312529,49.2637825012207,-123.22361755371094,15.1734,181,459.57504183574696
2026-05-23 00:00:00,2026-05-23 07:24:42.314924-07,2026-05-23 07:24:08-07,19026,6641,14926000,1,312530,49.26380157470703,-123.22221374511719,11.2204,120,458.44416027832773
2026-05-23 00:00:00,2026-05-23 09:06:55.27033-07,2026-05-23 09:06:16-07,16201,6641,14926010,1,312530,49.263816833496094,-123.22221374511719,11.2204,120,458.37256137618516
2026-05-23 00:00:00,2026-05-23 23:53:46.891213-07,2026-05-23 23:53:13-07,8147,6641,14926128,1,312530,49.26380157470703,-123.22364807128906,12.2434,121,457.4423433272606
2026-05-23 00:00:00,2026-05-23 17:32:44.71449-07,2026-05-23 17:31:52-07,8147,6641,14925939,0,312527,49.26369857788086,-123.22219848632812,2.5945,37,457.2332488281743
2026-05-23 00:00:00,2026-05-23 13:47:25.537188-07,2026-05-23 13:46:34-07,24007,6641,14926050,1,312530,49.263832092285156,-123.22219848632812,11.2204,120,457.20075147739124
2026-05-23 00:00:00,2026-05-23 21:03:51.183169-07,2026-05-23 21:03:12-07,22012,6641,14926112,1,312530,49.2637825012207,-123.22366333007812,12.2434,121,456.2554548936424
2026-05-23 00:00:00,2026-05-23 14:54:08.486321-07,2026-05-23 14:53:33-07,24005,6641,14926060,1,312530,49.26376724243164,-123.22368621826172,12.2434,121,454.53810547897075
2026-05-23 00:00:00,2026-05-23 14:41:22.189157-07,2026-05-23 14:40:39-07,24013,6641,14926058,1,312530,49.2637825012207,-123.22370147705078,12.2434,121,453.48915596297434
2026-05-23 00:00:00,2026-05-23 11:57:56.052761-07,2026-05-23 11:57:36-07,19041,6641,14925886,0,312527,49.2636833190918,-123.2235336303711,1.5845,36,452.8777903538065
2026-05-23 00:00:00,2026-05-23 02:02:56.845665-07,2026-05-23 02:02:19-07,19020,6641,14925847,1,312530,49.2637825012207,-123.2237319946289,12.2434,121,451.27613249870024
2026-05-23 00:00:00,2026-05-23 06:15:52.750211-07,2026-05-23 06:15:32-07,19026,6641,14925849,0,312527,49.26373291015625,-123.22211456298828,2.5945,37,451.0309457066143
2026-05-23 00:00:00,2026-05-23 12:07:38.960335-07,2026-05-23 12:06:58-07,22012,6641,14926034,1,312530,49.26376724243164,-123.22374725341797,12.2434,121,450.11149115123374
2026-05-23 00:00:00,2026-05-23 19:19:41.059953-07,2026-05-23 19:19:12-07,8147,6641,14925954,0,312527,49.263648986816406,-123.22357940673828,1.5845,36,449.3972817438727
2026-05-23 00:00:00,2026-05-23 17:40:55.599618-07,2026-05-23 17:40:31-07,22012,6641,14926089,1,312530,49.263832092285156,-123.2220687866211,11.2204,120,447.79580973978767
2026-05-23 00:00:00,2026-05-23 14:14:12.47078-07,2026-05-23 14:13:28-07,15019,6641,14926054,1,312530,49.2637825012207,-123.22381591796875,12.2434,121,445.19039161856057
2026-05-23 00:00:00,2026-05-23 07:11:26.658432-07,2026-05-23 07:10:53-07,15019,6641,14925999,1,312529,49.263816833496094,-123.22203063964844,14.1504,180,445.0969758228084
2026-05-23 00:00:00,2026-05-23 10:54:58.481464-07,2026-05-23 10:54:13-07,19026,6641,14925878,0,312527,49.26371765136719,-123.22203063964844,2.5945,37,444.99158807138656
2026-05-23 00:00:00,2026-05-23 14:58:44.260026-07,2026-05-23 14:57:53-07,24013,6641,14925913,0,312527,49.263668060302734,-123.22366333007812,1.5845,36,443.3994697270369
2026-05-23 00:00:00,2026-05-23 17:13:18.030627-07,2026-05-23 17:12:44-07,24001,6641,14925936,0,312527,49.263668060302734,-123.22366333007812,1.5845,36,443.3994697270369
2026-05-23 00:00:00,2026-05-23 21:54:23.884982-07,2026-05-23 21:53:58-07,22002,6641,14926117,1,312530,49.263832092285156,-123.22200012207031,11.2204,120,442.81683430971503
2026-05-23 00:00:00,2026-05-23 12:09:10.76536-07,2026-05-23 12:08:49-07,19015,6641,14926035,1,312530,49.263832092285156,-123.22198486328125,11.2204,120,441.7104061627943
2026-05-23 00:00:00,2026-05-23 21:57:57.984724-07,2026-05-23 21:57:22-07,16201,6641,14925971,0,312527,49.26369857788086,-123.22196960449219,2.5945,37,440.63487325767426
2026-05-23 00:00:00,2026-05-23 09:42:14.713482-07,2026-05-23 09:41:35-07,24005,6641,14925868,0,312527,49.263668060302734,-123.22370147705078,1.5845,36,440.6340428564108
2026-05-23 00:00:00,2026-05-23 18:44:25.315798-07,2026-05-23 18:44:06-07,22002,6641,14925949,0,312527,49.263668060302734,-123.22371673583984,1.5845,36,439.52788146670196
2026-05-23 00:00:00,2026-05-23 00:06:18.194294-07,2026-05-23 00:05:47-07,19009,6641,14925613,0,312527,49.26371765136719,-123.2219467163086,2.5945,37,438.9046716093602
2026-05-23 00:00:00,2026-05-23 16:46:10.867473-07,2026-05-23 16:45:21-07,24005,6641,14926079,1,312530,49.26376724243164,-123.22391510009766,12.2434,121,437.93854215755186
2026-05-23 00:00:00,2026-05-23 13:03:54.376332-07,2026-05-23 13:03:24-07,24013,6641,14925895,0,312527,49.26369857788086,-123.22191619873047,2.5945,37,436.76202892348874
2026-05-23 00:00:00,2026-05-23 13:06:57.89097-07,2026-05-23 13:06:11-07,23002,6641,14925896,0,312527,49.26369857788086,-123.2219009399414,2.5945,37,435.65550999348335
2026-05-23 00:00:00,2026-05-23 18:14:15.4693-07,2026-05-23 18:13:49-07,19045,6641,14925946,0,312527,49.26371765136719,-123.2219009399414,2.5945,37,435.5845688092118
2026-05-23 00:00:00,2026-05-23 14:15:44.329727-07,2026-05-23 14:14:58-07,19015,6641,14925907,0,312527,49.263668060302734,-123.22378540039062,1.5845,36,434.5502227443671
2026-05-23 00:00:00,2026-05-23 16:09:52.067331-07,2026-05-23 16:09:38-07,19015,6641,14925926,0,312527,49.263648986816406,-123.22380065917969,1.5845,36,433.3546511531646
2026-05-23 00:00:00,2026-05-23 16:10:23.230747-07,2026-05-23 16:09:40-07,19015,6641,14925926,0,312527,49.263648986816406,-123.22380065917969,1.5845,36,433.3546511531646
2026-05-23 00:00:00,2026-05-23 19:37:03.660153-07,2026-05-23 19:36:48-07,24007,6641,14925956,0,312525,49.26373291015625,-123.22187042236328,2.5945,37,433.3216039436644
2026-05-23 00:00:00,2026-05-23 07:28:17.030815-07,2026-05-23 07:27:50-07,15019,6641,14925854,0,312527,49.263668060302734,-123.22384643554688,1.5845,36,430.12573224754937
2026-05-23 00:00:00,2026-05-23 09:41:13.498394-07,2026-05-23 09:40:42-07,24011,6641,14926016,1,312529,49.26376724243164,-123.22402954101562,15.1734,181,429.63901808176644
2026-05-23 00:00:00,2026-05-23 14:05:28.076256-07,2026-05-23 14:04:44-07,19045,6641,14926053,1,312529,49.263816833496094,-123.2218017578125,14.1504,180,428.50346333601226
2026-05-23 00:00:00,2026-05-23 19:56:58.196097-07,2026-05-23 19:56:36-07,19045,6641,14925959,0,312527,49.263668060302734,-123.22386932373047,1.5845,36,428.46657196554156
2026-05-23 00:00:00,2026-05-23 17:37:21.012344-07,2026-05-23 17:37:04-07,19041,6641,14925940,0,312527,49.263668060302734,-123.22386932373047,1.5845,36,428.46657196554156
2026-05-23 00:00:00,2026-05-23 13:22:21.721196-07,2026-05-23 13:21:43-07,22013,6641,14925898,0,312527,49.26371765136719,-123.2218017578125,2.5945,37,428.3910968895712
2026-05-23 00:00:00,2026-05-23 18:31:39.408362-07,2026-05-23 18:31:09-07,16201,6641,14925948,0,312527,49.26371765136719,-123.2218017578125,2.5945,37,428.3910968895712
2026-05-23 00:00:00,2026-05-23 13:58:09.27463-07,2026-05-23 13:57:44-07,23009,6641,14925904,0,312527,49.263668060302734,-123.22388458251953,1.5845,36,427.36047239895737
2026-05-23 00:00:00,2026-05-23 22:33:08.844845-07,2026-05-23 22:32:54-07,19041,6641,14926121,1,312530,49.263816833496094,-123.22174835205078,11.2204,120,424.63181106236203
2026-05-23 00:00:00,2026-05-23 18:52:04.853649-07,2026-05-23 18:51:46-07,23002,6641,14925950,0,312525,49.26371765136719,-123.22173309326172,2.5945,37,423.4110708667295
2026-05-23 00:00:00,2026-05-23 15:53:29.223562-07,2026-05-23 15:52:49-07,24007,6641,14925923,0,312527,49.26373291015625,-123.22171783447266,2.5945,37,422.2535340879714
2026-05-23 00:00:00,2026-05-23 13:54:34.838034-07,2026-05-23 13:54:10-07,22012,6641,14926051,1,312530,49.263816833496094,-123.2217025756836,11.2204,120,421.31330520232075
2026-05-23 00:00:00,2026-05-23 23:25:43.308369-07,2026-05-23 23:24:58-07,15019,6641,14925979,0,312525,49.26369857788086,-123.2217025756836,2.5945,37,421.27110320473895
2026-05-23 00:00:00,2026-05-23 13:14:40.976033-07,2026-05-23 13:14:07-07,24001,6641,14926044,1,312530,49.2637825012207,-123.22416687011719,12.2434,121,419.7421942048053
2026-05-23 00:00:00,2026-05-23 08:24:28.920866-07,2026-05-23 08:23:39-07,24007,6641,14926006,1,312530,49.26376724243164,-123.22416687011719,12.2434,121,419.6798346929476
2026-05-23 00:00:00,2026-05-23 17:36:19.747277-07,2026-05-23 17:36:08-07,19025,6641,14926088,1,312530,49.26376724243164,-123.22418212890625,12.2434,121,418.573276059072
2026-05-23 00:00:00,2026-05-23 14:28:33.851371-07,2026-05-23 14:27:46-07,16201,6641,14926056,1,312530,49.263832092285156,-123.22166442871094,11.2204,120,418.47638928346794
2026-05-23 00:00:00,2026-05-23 20:33:44.598485-07,2026-05-23 20:32:55-07,24001,6641,14926109,1,312530,49.2637825012207,-123.22419738769531,12.2434,121,417.5294117181179
2026-05-23 00:00:00,2026-05-23 09:53:59.306016-07,2026-05-23 09:53:37-07,16222,6641,14925870,0,312527,49.26371765136719,-123.22164916992188,2.5945,37,417.32445348420225
2026-05-23 00:00:00,2026-05-23 09:54:29.918094-07,2026-05-23 09:53:37-07,16222,6641,14925870,0,312527,49.26371765136719,-123.22164916992188,2.5945,37,417.32445348420225
2026-05-23 00:00:00,2026-05-23 17:48:37.384216-07,2026-05-23 17:48:15-07,24007,6641,14925942,0,312527,49.26369857788086,-123.22163391113281,2.5945,37,416.2920395119985
2026-05-23 00:00:00,2026-05-23 16:59:59.054592-07,2026-05-23 16:59:17-07,24005,6641,14925934,0,312527,49.26371765136719,-123.22163391113281,2.5945,37,416.21780564333704
2026-05-23 00:00:00,2026-05-23 16:42:36.078106-07,2026-05-23 16:41:56-07,23002,6641,14926078,1,312530,49.263832092285156,-123.22160339355469,11.2204,120,414.05108777138423
2026-05-23 00:00:00,2026-05-23 14:59:14.836049-07,2026-05-23 14:58:35-07,23002,6641,14925914,0,312527,49.26373291015625,-123.22154998779297,2.5945,37,410.0789198645317
2026-05-23 00:00:00,2026-05-23 15:40:11.738603-07,2026-05-23 15:39:31-07,19025,6641,14926069,1,312529,49.26376724243164,-123.22431945800781,15.1734,181,408.61441202590225
2026-05-23 00:00:00,2026-05-23 12:47:02.852049-07,2026-05-23 12:46:24-07,16201,6641,14925893,0,312527,49.26371765136719,-123.22149658203125,2.5945,37,406.2581174053247
2026-05-23 00:00:00,2026-05-23 10:08:58.177621-07,2026-05-23 10:08:38-07,24007,6641,14926019,1,312530,49.26374816894531,-123.22438049316406,12.2434,121,404.11740897524857
2026-05-23 00:00:00,2026-05-23 10:09:28.721909-07,2026-05-23 10:08:39-07,24007,6641,14926019,1,312530,49.26374816894531,-123.22438049316406,12.2434,121,404.11740897524857
2026-05-23 00:00:00,2026-05-23 21:21:43.490277-07,2026-05-23 21:21:22-07,19045,6641,14926114,1,312530,49.263832092285156,-123.22145080566406,11.2204,120,402.98818004930797
2026-05-23 00:00:00,2026-05-23 00:19:33.630458-07,2026-05-23 00:18:59-07,24001,6641,14925614,0,312527,49.26371765136719,-123.221435546875,2.5945,37,401.831674711166
2026-05-23 00:00:00,2026-05-23 12:45:30.693273-07,2026-05-23 12:44:56-07,19026,6641,14925892,0,312527,49.26373291015625,-123.22142028808594,2.5945,37,400.67146721118974
2026-05-23 00:00:00,2026-05-23 11:12:22.442263-07,2026-05-23 11:11:40-07,24005,6641,14926027,1,312530,49.26374816894531,-123.22443389892578,12.2434,121,400.2439672483889
2026-05-23 00:00:00,2026-05-23 15:59:37.444165-07,2026-05-23 15:59:17-07,19025,6641,14925924,0,312527,49.263668060302734,-123.2242660522461,1.5845,36,399.710022522591
2026-05-23 00:00:00,2026-05-23 16:51:18.00607-07,2026-05-23 16:50:47-07,22013,6641,14926080,1,312530,49.26376724243164,-123.22444915771484,12.2434,121,399.2091026199267
2026-05-23 00:00:00,2026-05-23 00:00:11.200817-07,2026-05-22 23:59:55-07,24001,6641,14925839,1,312530,49.26374816894531,-123.22444915771484,12.2434,121,399.13727625824066
2026-05-23 00:00:00,2026-05-23 00:00:41.871407-07,2026-05-22 23:59:55-07,24001,6641,14925839,1,312530,49.26374816894531,-123.22444915771484,12.2434,121,399.13727625824066
2026-05-23 00:00:00,2026-05-23 21:12:02.18467-07,2026-05-23 21:11:52-07,19015,6641,14926113,1,312530,49.26376724243164,-123.2244644165039,12.2434,121,398.1026147298688
2026-05-23 00:00:00,2026-05-23 11:51:17.725818-07,2026-05-23 11:50:35-07,24007,6641,14926033,1,312530,49.263832092285156,-123.22138214111328,11.2204,120,398.0100411539812
2026-05-23 00:00:00,2026-05-23 14:11:07.999189-07,2026-05-23 14:10:34-07,22012,6641,14925906,0,312527,49.263668060302734,-123.22431945800781,1.5845,36,395.83929828529926
2026-05-23 00:00:00,2026-05-23 22:18:52.868037-07,2026-05-23 22:18:28-07,24005,6641,14925973,0,312525,49.26373291015625,-123.2213134765625,2.5945,37,392.9242966191706
2026-05-23 00:00:00,2026-05-23 08:44:54.549212-07,2026-05-23 08:44:11-07,24007,6641,14925861,0,312527,49.263668060302734,-123.224365234375,1.5845,36,392.5216067509657
2026-05-23 00:00:00,2026-05-23 20:54:08.921421-07,2026-05-23 20:53:52-07,19041,6641,14926111,1,312530,49.26376724243164,-123.22454833984375,12.2434,121,392.01700623711616
2026-05-23 00:00:00,2026-05-23 18:29:36.833644-07,2026-05-23 18:29:17-07,15019,6641,14925947,0,312527,49.26373291015625,-123.22129821777344,2.5945,37,391.8175690255656
2026-05-23 00:00:00,2026-05-23 08:29:04.797501-07,2026-05-23 08:28:52-07,19041,6641,14925860,0,312527,49.26371765136719,-123.22128295898438,2.5945,37,390.76581291248226
2026-05-23 00:00:00,2026-05-23 19:04:21.105775-07,2026-05-23 19:03:43-07,24001,6641,14925952,0,312527,49.26371765136719,-123.22128295898438,2.5945,37,390.76581291248226
2026-05-23 00:00:00,2026-05-23 14:04:57.372956-07,2026-05-23 14:04:21-07,24007,6641,14925905,0,312527,49.263648986816406,-123.22441864013672,1.5845,36,388.5512836005497
2026-05-23 00:00:00,2026-05-23 06:18:25.606945-07,2026-05-23 06:17:50-07,23002,6641,14925995,1,312529,49.263832092285156,-123.22122955322266,14.1504,180,386.9479135152365
2026-05-23 00:00:00,2026-05-23 10:25:49.651712-07,2026-05-23 10:25:11-07,19015,6641,14926021,1,312529,49.26376724243164,-123.2246322631836,15.1734,181,385.931528878326
2026-05-23 00:00:00,2026-05-23 01:08:28.355279-07,2026-05-23 01:07:55-07,19009,6641,14925844,1,312530,49.263851165771484,-123.2212142944336,11.2204,120,385.7552411527086
2026-05-23 00:00:00,2026-05-23 18:00:23.198815-07,2026-05-23 17:59:58-07,22012,6641,14925944,0,312527,49.263648986816406,-123.2244644165039,1.5845,36,385.2328819066195
2026-05-23 00:00:00,2026-05-23 08:46:57.128448-07,2026-05-23 08:46:20-07,15019,6641,14926008,1,312530,49.26386642456055,-123.22119903564453,11.2204,120,384.5878332320947
2026-05-23 00:00:00,2026-05-23 15:33:01.146097-07,2026-05-23 15:32:25-07,23009,6641,14926067,1,312530,49.263832092285156,-123.22118377685547,11.2204,120,383.62938915641365
2026-05-23 00:00:00,2026-05-23 20:29:09.062506-07,2026-05-23 20:28:44-07,22002,6641,14925962,0,312527,49.26373291015625,-123.22118377685547,2.5945,37,383.51720418087143
2026-05-23 00:00:00,2026-05-23 07:07:52.369754-07,2026-05-23 07:07:27-07,24007,6641,14925852,0,312527,49.26373291015625,-123.22118377685547,2.5945,37,383.51720418087143
2026-05-23 00:00:00,2026-05-23 08:09:09.76245-07,2026-05-23 08:08:45-07,24005,6641,14925858,0,312527,49.26374816894531,-123.22118377685547,2.5945,37,383.4687060182225
2026-05-23 00:00:00,2026-05-23 08:53:05.299513-07,2026-05-23 08:52:36-07,22012,6641,14925862,0,312527,49.263648986816406,-123.22450256347656,1.5845,36,382.4675908874495
2026-05-23 00:00:00,2026-05-23 07:54:51.75772-07,2026-05-23 07:54:17-07,24005,6641,14926003,1,312529,49.263851165771484,-123.22115325927734,14.1504,180,381.32957665404973
2026-05-23 00:00:00,2026-05-23 13:13:06.20245-07,2026-05-23 13:12:34-07,24005,6641,14925897,0,312527,49.26374816894531,-123.22115325927734,2.5945,37,381.2550228046606
2026-05-23 00:00:00,2026-05-23 23:29:17.13044-07,2026-05-23 23:29:06-07,22002,6641,14926126,1,312530,49.263816833496094,-123.22113037109375,11.2204,120,379.8366590167777
2026-05-23 00:00:00,2026-05-23 11:14:26.176773-07,2026-05-23 11:13:57-07,19035,6641,14925883,0,312527,49.26374816894531,-123.22454833984375,1.5845,36,379.8100252417682
2026-05-23 00:00:00,2026-05-23 16:58:57.217307-07,2026-05-23 16:58:23-07,24001,6641,14926081,1,312530,49.26376724243164,-123.2247314453125,12.2434,121,378.73977879413474
2026-05-23 00:00:00,2026-05-23 00:47:04.277548-07,2026-05-23 00:46:32-07,19020,6641,14925616,0,312527,49.26373291015625,-123.22111511230469,2.5945,37,378.5370662529719
2026-05-23 00:00:00,2026-05-23 12:17:52.855038-07,2026-05-23 12:17:38-07,15019,6641,14926036,1,312530,49.26374816894531,-123.22474670410156,12.2434,121,377.5574339673784
2026-05-23 00:00:00,2026-05-23 12:18:23.427041-07,2026-05-23 12:17:38-07,15019,6641,14926036,1,312530,49.26374816894531,-123.22474670410156,12.2434,121,377.5574339673784
2026-05-23 00:00:00,2026-05-23 12:34:15.65108-07,2026-05-23 12:33:46-07,16201,6641,14926038,1,312530,49.263832092285156,-123.22109985351562,11.2204,120,377.54557180141734
2026-05-23 00:00:00,2026-05-23 02:19:13.338701-07,2026-05-23 02:18:42-07,19020,6641,14925621,0,312527,49.26374816894531,-123.22109985351562,2.5945,37,377.3810990002977
2026-05-23 00:00:00,2026-05-23 19:42:10.200771-07,2026-05-23 19:41:53-07,19045,6641,14926104,1,312530,49.263832092285156,-123.22108459472656,11.2204,120,376.43944376742405
2026-05-23 00:00:00,2026-05-23 15:25:51.575392-07,2026-05-23 15:25:19-07,16222,6641,14925918,0,312527,49.263668060302734,-123.22460174560547,1.5845,36,375.38132941816644
2026-05-23 00:00:00,2026-05-23 14:20:23.184558-07,2026-05-23 14:20:08-07,19026,6641,14926055,1,312530,49.263851165771484,-123.2210693359375,11.2204,120,375.2444126593414
2026-05-23 00:00:00,2026-05-23 23:08:23.826941-07,2026-05-23 23:08:08-07,15019,6641,14926124,1,312530,49.26374816894531,-123.22481536865234,12.2434,121,372.5776537881241
2026-05-23 00:00:00,2026-05-23 16:04:13.73735-07,2026-05-23 16:03:58-07,19045,6641,14926072,1,312530,49.263832092285156,-123.22103118896484,11.2204,120,372.56804698994614
2026-05-23 00:00:00,2026-05-23 16:04:44.399481-07,2026-05-23 16:03:59-07,19045,6641,14926072,1,312530,49.263832092285156,-123.22103118896484,11.2204,120,372.56804698994614
2026-05-23 00:00:00,2026-05-23 14:31:07.035561-07,2026-05-23 14:30:51-07,22002,6641,14926057,1,312530,49.263851165771484,-123.22103118896484,11.2204,120,372.47847845323383
2026-05-23 00:00:00,2026-05-23 16:00:08.214063-07,2026-05-23 15:59:26-07,19015,6641,14926071,1,312530,49.263851165771484,-123.22100067138672,11.2204,120,370.2657539971536
2026-05-23 00:00:00,2026-05-23 09:41:13.498394-07,2026-05-23 09:40:22-07,16222,6641,14926015,1,312530,49.263832092285156,-123.2209701538086,11.2204,120,368.14369381409955
2026-05-23 00:00:00,2026-05-23 11:50:16.244755-07,2026-05-23 11:49:38-07,23009,6641,14926032,1,312530,49.26374816894531,-123.22489929199219,12.2434,121,366.4913575231739
2026-05-23 00:00:00,2026-05-23 19:09:58.346158-07,2026-05-23 19:09:32-07,24011,6641,14925953,0,312525,49.26373291015625,-123.220947265625,2.5945,37,366.3636692127312
2026-05-23 00:00:00,2026-05-23 07:20:06.853311-07,2026-05-23 07:19:31-07,22012,6641,14925853,0,312527,49.263633728027344,-123.2247314453125,1.5845,36,365.80079496067043
2026-05-23 00:00:00,2026-05-23 23:18:04.833062-07,2026-05-23 23:17:40-07,16201,6641,14926125,1,312530,49.26373291015625,-123.22491455078125,12.2434,121,365.33084465064366
2026-05-23 00:00:00,2026-05-23 11:06:44.236901-07,2026-05-23 11:06:06-07,16201,6641,14925879,0,312527,49.26374816894531,-123.22093200683594,2.5945,37,365.2060997051948
2026-05-23 00:00:00,2026-05-23 20:37:18.997765-07,2026-05-23 20:36:50-07,24005,6641,14925963,0,312527,49.26374816894531,-123.22093200683594,2.5945,37,365.2060997051948
2026-05-23 00:00:00,2026-05-23 07:44:07.440971-07,2026-05-23 07:43:31-07,23002,6641,14926002,1,312530,49.263832092285156,-123.22090148925781,11.2204,120,363.16642903093793
2026-05-23 00:00:00,2026-05-23 11:31:50.515892-07,2026-05-23 11:31:14-07,24011,6641,14926030,1,312530,49.26376724243164,-123.2249526977539,12.2434,121,362.69739381321347
2026-05-23 00:00:00,2026-05-23 09:16:06.64461-07,2026-05-23 09:15:48-07,24013,6641,14926011,1,312529,49.26374816894531,-123.2249526977539,15.1734,181,362.61832056642254
2026-05-23 00:00:00,2026-05-23 10:42:12.398643-07,2026-05-23 10:41:44-07,19026,6641,14926023,1,312530,49.26374816894531,-123.22496795654297,12.2434,121,361.5117475097543
2026-05-23 00:00:00,2026-05-23 19:23:15.696445-07,2026-05-23 19:22:28-07,24007,6641,14926101,1,312530,49.26376724243164,-123.22498321533203,12.2434,121,360.48473805500464
2026-05-23 00:00:00,2026-05-23 19:56:27.649604-07,2026-05-23 19:55:45-07,15019,6641,14926105,1,312530,49.263851165771484,-123.22086334228516,11.2204,120,360.3087563721746
2026-05-23 00:00:00,2026-05-23 01:42:05.127989-07,2026-05-23 01:41:34-07,19022,6641,14925846,1,312530,49.26386642456055,-123.22086334228516,11.2204,120,360.2436588940698
2026-05-23 00:00:00,2026-05-23 19:06:54.652831-07,2026-05-23 19:06:24-07,8147,6641,14926099,1,312530,49.26386642456055,-123.22081756591797,11.2204,120,356.9241549707549
2026-05-23 00:00:00,2026-05-23 12:26:35.206163-07,2026-05-23 12:26:07-07,19026,6641,14926037,1,312530,49.263832092285156,-123.2208023071289,11.2204,120,355.97730585832386
2026-05-23 00:00:00,2026-05-23 16:23:09.95952-07,2026-05-23 16:22:52-07,19026,6641,14926074,1,312530,49.26373291015625,-123.22505187988281,12.2434,121,355.3702285204426
2026-05-23 00:00:00,2026-05-23 09:20:44.327574-07,2026-05-23 09:19:55-07,23002,6641,14926012,1,312530,49.263851165771484,-123.22077941894531,11.2204,120,354.22414678599677
2026-05-23 00:00:00,2026-05-23 09:29:26.256419-07,2026-05-23 09:29:06-07,24013,6641,14925866,0,312527,49.26373291015625,-123.22077941894531,2.5945,37,354.1906924353494
2026-05-23 00:00:00,2026-05-23 18:16:18.59462-07,2026-05-23 18:16:03-07,16201,6641,14926093,1,312530,49.263851165771484,-123.22076416015625,11.2204,120,353.11787313334156
2026-05-23 00:00:00,2026-05-23 10:37:36.198634-07,2026-05-23 10:37:22-07,19015,6641,14925876,0,312527,49.26373291015625,-123.22076416015625,2.5945,37,353.0840805256757
2026-05-23 00:00:00,2026-05-23 10:28:23.122701-07,2026-05-23 10:27:37-07,22012,6641,14925875,0,312527,49.263648986816406,-123.22491455078125,1.5845,36,352.60523906977033
2026-05-23 00:00:00,2026-05-23 13:57:38.686371-07,2026-05-23 13:57:18-07,19015,6641,14926052,1,312530,49.263851165771484,-123.22074890136719,11.2204,120,352.0116054621739
2026-05-23 00:00:00,2026-05-23 11:32:22.665581-07,2026-05-23 11:31:42-07,19035,6641,14925883,0,312527,49.263648986816406,-123.22492980957031,1.5845,36,351.499333576077
2026-05-23 00:00:00,2026-05-23 10:29:54.880521-07,2026-05-23 10:29:23-07,15019,6641,14926022,1,312530,49.26374816894531,-123.2251205444336,12.2434,121,350.44624527887163
2026-05-23 00:00:00,2026-05-23 09:34:32.80046-07,2026-05-23 09:33:51-07,23002,6641,14925867,0,312527,49.26374816894531,-123.22071838378906,2.5945,37,349.7111001268651
2026-05-23 00:00:00,2026-05-23 09:34:02.251318-07,2026-05-23 09:33:51-07,23002,6641,14925867,0,312527,49.26374816894531,-123.22071838378906,2.5945,37,349.7111001268651
2026-05-23 00:00:00,2026-05-23 20:58:13.595945-07,2026-05-23 20:57:34-07,8147,6641,14925965,0,312527,49.26361846923828,-123.22496795654297,1.5845,36,348.58349660767806
2026-05-23 00:00:00,2026-05-23 14:23:58.049024-07,2026-05-23 14:23:37-07,19045,6641,14925908,0,312527,49.263668060302734,-123.22498321533203,1.5845,36,347.7402583968316
2026-05-23 00:00:00,2026-05-23 19:43:11.558283-07,2026-05-23 19:42:30-07,22012,6641,14925957,0,312527,49.263648986816406,-123.22498321533203,1.5845,36,347.6287309025842
2026-05-23 00:00:00,2026-05-23 14:51:04.756233-07,2026-05-23 14:50:32-07,16201,6641,14925911,0,312527,49.263648986816406,-123.22498321533203,1.5845,36,347.6287309025842
2026-05-23 00:00:00,2026-05-23 00:16:30.35567-07,2026-05-23 00:15:55-07,19022,6641,14925840,1,312530,49.263851165771484,-123.2206802368164,11.2204,120,347.0334765226468
2026-05-23 00:00:00,2026-05-23 13:04:55.541552-07,2026-05-23 13:04:26-07,22013,6641,14926043,1,312529,49.26374816894531,-123.22518157958984,15.1734,181,346.02016620124164
2026-05-23 00:00:00,2026-05-23 10:48:20.082863-07,2026-05-23 10:47:54-07,16201,6641,14926024,1,312530,49.263851165771484,-123.22066497802734,11.2204,120,345.92724279264087
2026-05-23 00:00:00,2026-05-23 22:10:12.781722-07,2026-05-23 22:09:40-07,22002,6641,14925972,0,312527,49.26374816894531,-123.22064971923828,2.5945,37,344.7306827810784
2026-05-23 00:00:00,2026-05-23 12:53:10.617509-07,2026-05-23 12:52:44-07,22002,6641,14925894,0,312527,49.26373291015625,-123.22063446044922,2.5945,37,343.6780395467409
2026-05-23 00:00:00,2026-05-23 17:53:14.264581-07,2026-05-23 17:52:54-07,19025,6641,14925943,0,312525,49.26376724243164,-123.22063446044922,2.5945,37,343.56806815442866
2026-05-23 00:00:00,2026-05-23 21:42:38.406795-07,2026-05-23 21:41:57-07,16201,6641,14926116,1,312530,49.263851165771484,-123.22059631347656,11.2204,120,340.9492706541998
2026-05-23 00:00:00,2026-05-23 18:53:36.609026-07,2026-05-23 18:52:56-07,24011,6641,14926098,1,312530,49.263851165771484,-123.22059631347656,11.2204,120,340.9492706541998
2026-05-23 00:00:00,2026-05-23 11:16:59.505965-07,2026-05-23 11:16:27-07,23002,6641,14925881,0,312527,49.26374816894531,-123.22059631347656,2.5945,37,340.8570674528566
2026-05-23 00:00:00,2026-05-23 21:55:24.992635-07,2026-05-23 21:55:08-07,15019,6641,14925970,0,312527,49.26374816894531,-123.22059631347656,2.5945,37,340.8570674528566
2026-05-23 00:00:00,2026-05-23 07:52:18.549045-07,2026-05-23 07:51:40-07,16201,6641,14925856,0,312527,49.26374816894531,-123.22059631347656,2.5945,37,340.8570674528566
2026-05-23 00:00:00,2026-05-23 13:31:33.258247-07,2026-05-23 13:31:23-07,19041,6641,14926048,1,312530,49.26386642456055,-123.2205810546875,11.2204,120,339.7740607323298
2026-05-23 00:00:00,2026-05-23 22:21:25.904246-07,2026-05-23 22:20:51-07,8147,6641,14926120,1,312530,49.26388168334961,-123.2205810546875,11.2204,120,339.7135090244625
2026-05-23 00:00:00,2026-05-23 17:50:40.278622-07,2026-05-23 17:50:05-07,19015,6641,14926090,1,312530,49.26386642456055,-123.22056579589844,11.2204,120,338.6676444169227
2026-05-23 00:00:00,2026-05-23 17:43:28.758513-07,2026-05-23 17:42:46-07,23009,6641,14925941,0,312525,49.263648986816406,-123.2251205444336,1.5845,36,337.67624898367865
2026-05-23 00:00:00,2026-05-23 01:02:52.159948-07,2026-05-23 01:02:16-07,19044,6641,14925617,0,312527,49.26374816894531,-123.22055053710938,2.5945,37,337.5368564852282
2026-05-23 00:00:00,2026-05-23 08:57:10.266589-07,2026-05-23 08:56:31-07,19026,6641,14926009,1,312530,49.26373291015625,-123.2253189086914,12.2434,121,336.0031205312418
2026-05-23 00:00:00,2026-05-23 01:19:10.098473-07,2026-05-23 01:18:49-07,23013,6641,14925618,0,312527,49.26374816894531,-123.22052001953125,2.5945,37,335.32339871341156
2026-05-23 00:00:00,2026-05-23 14:39:18.754084-07,2026-05-23 14:38:55-07,19026,6641,14925910,0,312527,49.26374816894531,-123.22052001953125,2.5945,37,335.32339871341156
2026-05-23 00:00:00,2026-05-23 17:05:38.033475-07,2026-05-23 17:05:18-07,24011,6641,14926083,1,312530,49.26374816894531,-123.22533416748047,12.2434,121,334.95529719454254
2026-05-23 00:00:00,2026-05-23 17:06:08.668474-07,2026-05-23 17:05:18-07,24011,6641,14926083,1,312530,49.26374816894531,-123.22533416748047,12.2434,121,334.95529719454254
2026-05-23 00:00:00,2026-05-23 09:25:51.634132-07,2026-05-23 09:25:33-07,24005,6641,14926013,1,312530,49.26373291015625,-123.22533416748047,12.2434,121,334.89646157542546
2026-05-23 00:00:00,2026-05-23 07:41:03.544493-07,2026-05-23 07:40:41-07,16201,6641,14926001,1,312529,49.26371765136719,-123.22534942626953,15.1734,181,333.7393909514057
2026-05-23 00:00:00,2026-05-23 20:19:27.395196-07,2026-05-23 20:18:44-07,16201,6641,14925961,0,312527,49.26374816894531,-123.22049713134766,2.5945,37,333.6633140780397
2026-05-23 00:00:00,2026-05-23 10:45:16.228143-07,2026-05-23 10:44:47-07,15019,6641,14925877,0,312527,49.263633728027344,-123.22518157958984,1.5845,36,333.16978327124417
2026-05-23 00:00:00,2026-05-23 01:27:19.040786-07,2026-05-23 01:26:54-07,24001,6641,14925845,1,312530,49.26373291015625,-123.2253646850586,12.2434,121,332.6831550739328
2026-05-23 00:00:00,2026-05-23 12:24:00.615562-07,2026-05-23 12:23:31-07,19015,6641,14925890,0,312527,49.26373291015625,-123.2204818725586,2.5945,37,332.61249997467104
2026-05-23 00:00:00,2026-05-23 12:52:40.010406-07,2026-05-23 12:52:17-07,23002,6641,14926041,1,312530,49.26386642456055,-123.2204818725586,11.2204,120,332.5824509008295
2026-05-23 00:00:00,2026-05-23 19:12:32.160459-07,2026-05-23 19:12:23-07,19041,6641,14926100,1,312530,49.26386642456055,-123.22046661376953,11.2204,120,331.4760700102659
2026-05-23 00:00:00,2026-05-23 15:11:31.608402-07,2026-05-23 15:10:51-07,24011,6641,14926064,1,312530,49.26386642456055,-123.22046661376953,11.2204,120,331.4760700102659
2026-05-23 00:00:00,2026-05-23 23:41:00.106465-07,2026-05-23 23:40:38-07,16201,6641,14925980,0,312527,49.263633728027344,-123.2252197265625,1.5845,36,330.40473728050705
2026-05-23 00:00:00,2026-05-23 13:36:40.608328-07,2026-05-23 13:35:48-07,16222,6641,14925900,0,312527,49.26374816894531,-123.22045135498047,2.5945,37,330.3431676482132
2026-05-23 00:00:00,2026-05-23 11:26:44.140358-07,2026-05-23 11:26:05-07,24005,6641,14925882,0,312527,49.26374816894531,-123.22045135498047,2.5945,37,330.3431676482132
2026-05-23 00:00:00,2026-05-23 18:39:18.994772-07,2026-05-23 18:38:56-07,24005,6641,14926096,1,312530,49.263851165771484,-123.2204360961914,11.2204,120,329.33453644908707
2026-05-23 00:00:00,2026-05-23 18:32:40.61653-07,2026-05-23 18:32:18-07,23002,6641,14926095,1,312530,49.26386642456055,-123.2204360961914,11.2204,120,329.26332525578215
2026-05-23 00:00:00,2026-05-23 15:17:40.438944-07,2026-05-23 15:16:50-07,24001,6641,14925917,0,312527,49.26374816894531,-123.2204360961914,2.5945,37,329.23645906261766
2026-05-23 00:00:00,2026-05-23 11:16:28.972363-07,2026-05-23 11:15:54-07,24013,6641,14925880,0,312527,49.26376724243164,-123.2204360961914,2.5945,37,329.17815959688625
2026-05-23 00:00:00,2026-05-23 16:26:44.821687-07,2026-05-23 16:26:13-07,16201,6641,14926075,1,312530,49.26373291015625,-123.22543334960938,12.2434,121,327.70327246822336
2026-05-23 00:00:00,2026-05-23 12:41:24.962944-07,2026-05-23 12:40:49-07,22002,6641,14926039,1,312529,49.26373291015625,-123.22543334960938,15.1734,181,327.70327246822336
2026-05-23 00:00:00,2026-05-23 18:27:34.256568-07,2026-05-23 18:27:11-07,22002,6641,14926094,1,312530,49.263851165771484,-123.22041320800781,11.2204,120,327.6753531476458
2026-05-23 00:00:00,2026-05-23 13:53:03.120964-07,2026-05-23 13:52:50-07,19041,6641,14925903,0,312527,49.263633728027344,-123.22528076171875,1.5845,36,325.98077090749524
2026-05-23 00:00:00,2026-05-23 20:14:51.7714-07,2026-05-23 20:14:30-07,15019,6641,14925960,0,312527,49.26374816894531,-123.22038269042969,2.5945,37,325.36300684633215
2026-05-23 00:00:00,2026-05-23 21:19:10.59249-07,2026-05-23 21:18:25-07,22012,6641,14925967,0,312527,49.26374816894531,-123.22038269042969,2.5945,37,325.36300684633215
2026-05-23 00:00:00,2026-05-23 21:18:39.998037-07,2026-05-23 21:18:24-07,22012,6641,14925967,0,312527,49.26374816894531,-123.22038269042969,2.5945,37,325.36300684633215
2026-05-23 00:00:00,2026-05-23 13:46:23.061735-07,2026-05-23 13:45:50-07,23009,6641,14926049,1,312530,49.26374816894531,-123.2254867553711,12.2434,121,323.89093623340017
2026-05-23 00:00:00,2026-05-23 15:35:34.467434-07,2026-05-23 15:35:00-07,24007,6641,14926068,1,312530,49.26373291015625,-123.2254867553711,12.2434,121,323.8300868928706
2026-05-23 00:00:00,2026-05-23 23:12:28.443405-07,2026-05-23 23:11:57-07,19015,6641,14925978,0,312527,49.26374816894531,-123.22035217285156,2.5945,37,323.1496254481844
2026-05-23 00:00:00,2026-05-23 15:11:01.030772-07,2026-05-23 15:10:20-07,16222,6641,14926063,1,312530,49.26371765136719,-123.22550201416016,12.2434,121,322.6713238137639
2026-05-23 00:00:00,2026-05-23 11:40:33.573696-07,2026-05-23 11:40:03-07,16222,6641,14925884,0,312527,49.263648986816406,-123.22533416748047,1.5845,36,322.19616043026184
2026-05-23 00:00:00,2026-05-23 15:21:45.804855-07,2026-05-23 15:20:57-07,8147,6641,14926065,1,312530,49.26374816894531,-123.22551727294922,12.2434,121,321.67812962095786
2026-05-23 00:00:00,2026-05-23 14:28:03.300717-07,2026-05-23 14:27:48-07,15019,6641,14925909,0,312527,49.26373291015625,-123.22032928466797,2.5945,37,321.5474245488119
2026-05-23 00:00:00,2026-05-23 22:45:24.201873-07,2026-05-23 22:44:49-07,22012,6641,14926122,1,312530,49.26386642456055,-123.22032928466797,11.2204,120,321.5189035239523
2026-05-23 00:00:00,2026-05-23 12:23:29.985739-07,2026-05-23 12:23:01-07,19015,6641,14925890,0,312527,49.26361846923828,-123.22534942626953,1.5845,36,320.92637393928766
2026-05-23 00:00:00,2026-05-23 19:07:25.262126-07,2026-05-23 19:06:56-07,8147,6641,14926099,1,312530,49.26376724243164,-123.22553253173828,12.2434,121,320.6611940606731
2026-05-23 00:00:00,2026-05-23 21:34:58.933888-07,2026-05-23 21:34:24-07,15019,6641,14926115,1,312530,49.26386642456055,-123.2203140258789,11.2204,120,320.4125818551888
2026-05-23 00:00:00,2026-05-23 14:58:13.577608-07,2026-05-23 14:57:44-07,22013,6641,14926061,1,312530,49.263851165771484,-123.22029876708984,11.2204,120,319.37969461901145
2026-05-23 00:00:00,2026-05-23 00:43:30.326205-07,2026-05-23 00:42:48-07,19044,6641,14925842,1,312530,49.26386642456055,-123.22029876708984,11.2204,120,319.3062664468552
2026-05-23 00:00:00,2026-05-23 12:32:43.43635-07,2026-05-23 12:32:03-07,15019,6641,14925891,0,312527,49.26374816894531,-123.22029876708984,2.5945,37,319.27624386125507
2026-05-23 00:00:00,2026-05-23 09:27:23.456793-07,2026-05-23 09:26:54-07,16201,6641,14925865,0,312527,49.26376724243164,-123.22029876708984,2.5945,37,319.2161292453553
2026-05-23 00:00:00,2026-05-23 09:37:36.650078-07,2026-05-23 09:37:23-07,19035,6641,14926014,1,312529,49.26371765136719,-123.22557067871094,15.1734,181,317.69078997324107
2026-05-23 00:00:00,2026-05-23 20:49:33.65354-07,2026-05-23 20:48:58-07,24001,6641,14925964,0,312527,49.26373291015625,-123.22026824951172,2.5945,37,317.12153522462495
2026-05-23 00:00:00,2026-05-23 16:05:15.071519-07,2026-05-23 16:04:36-07,22012,6641,14925925,0,312527,49.263633728027344,-123.22541809082031,1.5845,36,316.02735520701
2026-05-23 00:00:00,2026-05-23 01:47:41.274875-07,2026-05-23 01:47:08-07,24001,6641,14925619,0,312527,49.26374816894531,-123.22025299072266,2.5945,37,315.9562399046563
2026-05-23 00:00:00,2026-05-23 15:29:56.987963-07,2026-05-23 15:29:24-07,24011,6641,14925919,0,312527,49.26374816894531,-123.22025299072266,2.5945,37,315.9562399046563
2026-05-23 00:00:00,2026-05-23 00:57:46.537849-07,2026-05-23 00:57:41-07,23013,6641,14925843,1,312530,49.26374816894531,-123.22563171386719,12.2434,121,313.3803129132483
2026-05-23 00:00:00,2026-05-23 20:14:51.7714-07,2026-05-23 20:14:14-07,22002,6641,14926107,1,312530,49.26386642456055,-123.22021484375,11.2204,120,313.2216466090597
2026-05-23 00:00:00,2026-05-23 20:22:30.917494-07,2026-05-23 20:21:55-07,24005,6641,14926108,1,312530,49.26386642456055,-123.22021484375,11.2204,120,313.2216466090597
2026-05-23 00:00:00,2026-05-23 14:38:48.082929-07,2026-05-23 14:38:23-07,19026,6641,14925910,0,312527,49.263633728027344,-123.2254638671875,1.5845,36,312.70971533326434
2026-05-23 00:00:00,2026-05-23 15:03:51.45434-07,2026-05-23 15:03:11-07,24001,6641,14926062,1,312530,49.263851165771484,-123.22018432617188,11.2204,120,311.08449127920795
2026-05-23 00:00:00,2026-05-23 19:34:30.341976-07,2026-05-23 19:34:00-07,19015,6641,14926103,1,312530,49.26386642456055,-123.22018432617188,11.2204,120,311.00910724437296
2026-05-23 00:00:00,2026-05-23 06:33:13.757378-07,2026-05-23 06:32:32-07,23002,6641,14925850,0,312527,49.26376724243164,-123.22016906738281,2.5945,37,309.80772334476256
2026-05-23 00:00:00,2026-05-23 08:56:39.676574-07,2026-05-23 08:56:02-07,19026,6641,14926009,1,312530,49.263851165771484,-123.22015380859375,11.2204,120,308.87251861206937
2026-05-23 00:00:00,2026-05-23 20:01:34.363473-07,2026-05-23 20:01:05-07,16201,6641,14926106,1,312530,49.26386642456055,-123.22015380859375,11.2204,120,308.7965952731866
2026-05-23 00:00:00,2026-05-23 18:49:00.936105-07,2026-05-23 18:48:19-07,24001,6641,14926097,1,312530,49.26374816894531,-123.22570037841797,12.2434,121,308.40178852080464
2026-05-23 00:00:00,2026-05-23 21:35:29.53917-07,2026-05-23 21:34:55-07,15019,6641,14926115,1,312530,49.26374816894531,-123.2257308959961,12.2434,121,306.18915290516634
2026-05-23 00:00:00,2026-05-23 10:02:17.858617-07,2026-05-23 10:02:00-07,23009,6641,14926018,1,312529,49.26386642456055,-123.2201156616211,14.1504,180,306.03099473241036
2026-05-23 00:00:00,2026-05-23 17:22:31.476989-07,2026-05-23 17:21:53-07,16222,6641,14925937,0,312525,49.263633728027344,-123.22557067871094,1.5845,36,304.96889931497714
2026-05-23 00:00:00,2026-05-23 15:35:03.720522-07,2026-05-23 15:34:30-07,24007,6641,14926068,1,312530,49.26386642456055,-123.22010040283203,11.2204,120,304.9247670277427
2026-05-23 00:00:00,2026-05-23 10:57:01.027426-07,2026-05-23 10:56:37-07,24013,6641,14926025,1,312530,49.26373291015625,-123.22575378417969,12.2434,121,304.4649686353331
2026-05-23 00:00:00,2026-05-23 17:27:37.971891-07,2026-05-23 17:27:11-07,23009,6641,14926086,1,312530,49.26386642456055,-123.22008514404297,11.2204,120,303.8185465870274
2026-05-23 00:00:00,2026-05-23 13:25:56.004729-07,2026-05-23 13:25:16-07,24001,6641,14925899,0,312527,49.26361846923828,-123.2255859375,1.5845,36,303.7811268799396
2026-05-23 00:00:00,2026-05-23 10:02:49.020401-07,2026-05-23 10:02:31-07,23009,6641,14926018,1,312529,49.26373291015625,-123.22576904296875,15.1734,181,303.3584344770239
2026-05-23 00:00:00,2026-05-23 09:48:22.296285-07,2026-05-23 09:48:06-07,19035,6641,14925869,0,312527,49.26376724243164,-123.2200698852539,2.5945,37,302.6131871487202
2026-05-23 00:00:00,2026-05-23 23:48:41.336791-07,2026-05-23 23:48:00-07,22002,6641,14925981,0,312527,49.26359939575195,-123.22563171386719,1.5845,36,300.37274941575646
2026-05-23 00:00:00,2026-05-23 23:48:10.804482-07,2026-05-23 23:47:57-07,22002,6641,14925981,0,312527,49.26359939575195,-123.22563171386719,1.5845,36,300.37274941575646
2026-05-23 00:00:00,2026-05-23 16:22:39.389133-07,2026-05-23 16:22:22-07,19026,6641,14926074,1,312530,49.26386642456055,-123.22003173828125,11.2204,120,299.94683342606965
2026-05-23 00:00:00,2026-05-23 22:04:05.602763-07,2026-05-23 22:03:46-07,24005,6641,14926118,1,312530,49.26386642456055,-123.22003173828125,11.2204,120,299.94683342606965
2026-05-23 00:00:00,2026-05-23 21:09:28.126881-07,2026-05-23 21:09:06-07,19041,6641,14925966,0,312527,49.26374816894531,-123.22003173828125,2.5945,37,299.91007856585526
2026-05-23 00:00:00,2026-05-23 18:48:30.318514-07,2026-05-23 18:47:49-07,24001,6641,14926097,1,312530,49.26386642456055,-123.22001647949219,11.2204,120,298.84064668423906
2026-05-23 00:00:00,2026-05-23 18:08:06.090302-07,2026-05-23 18:07:32-07,19015,6641,14925945,0,312527,49.263648986816406,-123.22566986083984,1.5845,36,297.87475618848174
2026-05-23 00:00:00,2026-05-23 02:52:16.880024-07,2026-05-23 02:52:11-07,19044,6641,14925622,0,312525,49.26376724243164,-123.22000122070312,2.5945,37,297.6324236283765
2026-05-23 00:00:00,2026-05-23 18:39:49.826915-07,2026-05-23 18:39:29-07,24005,6641,14926096,1,312530,49.26373291015625,-123.22586822509766,12.2434,121,296.1660892916486
2026-05-23 00:00:00,2026-05-23 14:58:44.260026-07,2026-05-23 14:58:12-07,22013,6641,14926061,1,312530,49.26371765136719,-123.22586822509766,12.2434,121,296.10925572638223
2026-05-23 00:00:00,2026-05-23 22:39:48.031213-07,2026-05-23 22:39:29-07,8147,6641,14925975,0,312527,49.26359939575195,-123.22570037841797,1.5845,36,295.3940565392707
2026-05-23 00:00:00,2026-05-23 19:35:01.059156-07,2026-05-23 19:34:30-07,19015,6641,14926103,1,312530,49.26374816894531,-123.22589874267578,12.2434,121,294.02014816568345
2026-05-23 00:00:00,2026-05-23 10:26:20.43744-07,2026-05-23 10:25:57-07,24007,6641,14925874,0,312527,49.263633728027344,-123.2257308959961,1.5845,36,293.3586471763966
2026-05-23 00:00:00,2026-05-23 18:28:04.872261-07,2026-05-23 18:27:41-07,22002,6641,14926094,1,312530,49.26373291015625,-123.22591400146484,12.2434,121,292.8466224628647
2026-05-23 00:00:00,2026-05-23 19:26:50.315863-07,2026-05-23 19:26:38-07,19041,6641,14925955,0,312527,49.26376724243164,-123.21993255615234,2.5945,37,292.6517200730732
2026-05-23 00:00:00,2026-05-23 12:27:05.94282-07,2026-05-23 12:26:37-07,19026,6641,14926037,1,312530,49.26371765136719,-123.2259292602539,12.2434,121,291.6824474464836
2026-05-23 00:00:00,2026-05-23 17:23:02.159378-07,2026-05-23 17:22:45-07,24011,6641,14925938,0,312527,49.26361846923828,-123.22575378417969,1.5845,36,291.61473613755714
2026-05-23 00:00:00,2026-05-23 08:19:53.256812-07,2026-05-23 08:19:11-07,16222,6641,14925859,0,312527,49.263648986816406,-123.22576904296875,1.5845,36,290.69009563661945
2026-05-23 00:00:00,2026-05-23 21:37:01.280658-07,2026-05-23 21:36:40-07,19045,6641,14925969,0,312525,49.26361846923828,-123.22576904296875,1.5845,36,290.50875536798264
2026-05-23 00:00:00,2026-05-23 00:32:48.593611-07,2026-05-23 00:32:14-07,19022,6641,14925615,0,312527,49.26359939575195,-123.22576904296875,1.5845,36,290.4154959882859
2026-05-23 00:00:00,2026-05-23 10:48:50.768183-07,2026-05-23 10:48:22-07,16201,6641,14926024,1,312530,49.26373291015625,-123.2259521484375,12.2434,121,290.0804390079805
2026-05-23 00:00:00,2026-05-23 22:04:36.121844-07,2026-05-23 22:04:16-07,24005,6641,14926118,1,312530,49.26371765136719,-123.2259521484375,12.2434,121,290.0224109829576
2026-05-23 00:00:00,2026-05-23 14:50:03.497688-07,2026-05-23 14:49:28-07,23002,6641,14926059,1,312530,49.26371765136719,-123.2259521484375,12.2434,121,290.0224109829576
2026-05-23 00:00:00,2026-05-23 02:51:46.406348-07,2026-05-23 02:51:40-07,19044,6641,14925622,0,312525,49.263633728027344,-123.22578430175781,1.5845,36,289.4888430904871
2026-05-23 00:00:00,2026-05-23 00:33:19.105782-07,2026-05-23 00:32:45-07,19022,6641,14925615,0,312527,49.26374816894531,-123.21988677978516,2.5945,37,289.3975961915806
2026-05-23 00:00:00,2026-05-23 18:33:11.165152-07,2026-05-23 18:32:47-07,23002,6641,14926095,1,312530,49.26373291015625,-123.22596740722656,12.2434,121,288.97397577349295
2026-05-23 00:00:00,2026-05-23 22:45:54.725983-07,2026-05-23 22:45:18-07,22012,6641,14926122,1,312530,49.26373291015625,-123.22596740722656,12.2434,121,288.97397577349295
2026-05-23 00:00:00,2026-05-23 15:04:21.989791-07,2026-05-23 15:03:40-07,24001,6641,14926062,1,312530,49.26371765136719,-123.22598266601562,12.2434,121,287.8090435598243
2026-05-23 00:00:00,2026-05-23 12:40:54.239413-07,2026-05-23 12:40:18-07,22002,6641,14926039,1,312529,49.26386642456055,-123.21986389160156,14.1504,180,287.77921848645144
2026-05-23 00:00:00,2026-05-23 21:28:21.238484-07,2026-05-23 21:27:52-07,19015,6641,14925968,0,312527,49.26374816894531,-123.21986389160156,2.5945,37,287.7377718661582
2026-05-23 00:00:00,2026-05-23 17:00:29.626942-07,2026-05-23 16:59:54-07,23002,6641,14925933,0,312527,49.263633728027344,-123.22581481933594,1.5845,36,287.27759318858693
2026-05-23 00:00:00,2026-05-23 10:41:41.840522-07,2026-05-23 10:41:15-07,19026,6641,14926023,1,312530,49.26386642456055,-123.2198486328125,11.2204,120,286.67312162092134
2026-05-23 00:00:00,2026-05-23 15:42:44.885099-07,2026-05-23 15:42:20-07,19041,6641,14925921,0,312527,49.26374816894531,-123.2198486328125,2.5945,37,286.6312288647475
2026-05-23 00:00:00,2026-05-23 17:23:32.746462-07,2026-05-23 17:23:15-07,24011,6641,14925938,0,312527,49.26376724243164,-123.2198486328125,2.5945,37,286.56427949465467
2026-05-23 00:00:00,2026-05-23 15:22:47.501966-07,2026-05-23 15:22:38-07,19041,6641,14926066,1,312530,49.263851165771484,-123.21983337402344,11.2204,120,285.64912367021196
2026-05-23 00:00:00,2026-05-23 10:56:30.312342-07,2026-05-23 10:56:08-07,24013,6641,14926025,1,312530,49.26386642456055,-123.21983337402344,11.2204,120,285.5670334992118
2026-05-23 00:00:00,2026-05-23 21:37:32.152449-07,2026-05-23 21:37:08-07,19045,6641,14925969,0,312525,49.26376724243164,-123.21983337402344,2.5945,37,285.4574827123982
2026-05-23 00:00:00,2026-05-23 08:54:06.543575-07,2026-05-23 08:53:52-07,19035,6641,14926014,1,312529,49.26776885986328,-123.02375030517578,0.0,1,284.7142410382114
2026-05-23 00:00:00,2026-05-23 10:01:15.530664-07,2026-05-23 10:00:35-07,24011,6641,14925871,0,312527,49.26376724243164,-123.21981811523438,2.5945,37,284.3506892875175
2026-05-23 00:00:00,2026-05-23 16:43:06.760202-07,2026-05-23 16:42:33-07,22002,6641,14925931,0,312527,49.263633728027344,-123.22586822509766,1.5845,36,283.4080267144938
2026-05-23 00:00:00,2026-05-23 15:17:09.865461-07,2026-05-23 15:16:21-07,24001,6641,14925917,0,312527,49.26361846923828,-123.22586822509766,1.5845,36,283.32011884689445
2026-05-23 00:00:00,2026-05-23 16:28:47.736015-07,2026-05-23 16:28:10-07,15019,6641,14925928,0,312527,49.26361846923828,-123.22588348388672,1.5845,36,282.2142126811392
2026-05-23 00:00:00,2026-05-23 16:26:13.978686-07,2026-05-23 16:25:42-07,16201,6641,14926075,1,312530,49.26386642456055,-123.21977996826172,11.2204,120,281.6957954206187
2026-05-23 00:00:00,2026-05-23 01:26:48.606847-07,2026-05-23 01:26:26-07,24001,6641,14925845,1,312530,49.26386642456055,-123.21977996826172,11.2204,120,281.6957954206187
2026-05-23 00:00:00,2026-05-23 17:05:07.266146-07,2026-05-23 17:04:48-07,24011,6641,14926083,1,312530,49.26386642456055,-123.21977996826172,11.2204,120,281.6957954206187
2026-05-23 00:00:00,2026-05-23 20:53:38.348132-07,2026-05-23 20:53:29-07,19041,6641,14926111,1,312530,49.26388168334961,-123.21977996826172,11.2204,120,281.6227763978294
2026-05-23 00:00:00,2026-05-23 19:48:17.62332-07,2026-05-23 19:47:54-07,19015,6641,14925958,0,312527,49.26359939575195,-123.2259292602539,1.5845,36,278.7994091096366
2026-05-23 00:00:00,2026-05-23 07:40:32.972562-07,2026-05-23 07:40:11-07,16201,6641,14926001,1,312529,49.263851165771484,-123.21973419189453,14.1504,180,278.4618883802209
2026-05-23 00:00:00,2026-05-23 15:10:30.314207-07,2026-05-23 15:09:48-07,16222,6641,14926063,1,312530,49.263851165771484,-123.2197036743164,11.2204,120,276.25053327804227
2026-05-23 00:00:00,2026-05-23 19:13:02.71761-07,2026-05-23 19:12:53-07,19041,6641,14926100,1,312530,49.26373291015625,-123.22615051269531,12.2434,121,275.6968974414297
2026-05-23 00:00:00,2026-05-23 13:35:39.335994-07,2026-05-23 13:35:16-07,16222,6641,14925900,0,312527,49.26361846923828,-123.22598266601562,1.5845,36,275.0260829039289
2026-05-23 00:00:00,2026-05-23 13:36:09.920249-07,2026-05-23 13:35:16-07,16222,6641,14925900,0,312527,49.26361846923828,-123.22598266601562,1.5845,36,275.0260829039289
2026-05-23 00:00:00,2026-05-23 20:23:01.564296-07,2026-05-23 20:22:23-07,24005,6641,14926108,1,312530,49.26371765136719,-123.22616577148438,12.2434,121,274.52920946575824
2026-05-23 00:00:00,2026-05-23 15:21:15.200603-07,2026-05-23 15:20:28-07,8147,6641,14926065,1,312530,49.26390075683594,-123.21968078613281,11.2204,120,274.3527922789437
2026-05-23 00:00:00,2026-05-23 15:12:02.352918-07,2026-05-23 15:11:20-07,24011,6641,14926064,1,312530,49.26371765136719,-123.22618103027344,12.2434,121,273.42258702995
2026-05-23 00:00:00,2026-05-23 15:23:18.346349-07,2026-05-23 15:23:07-07,19041,6641,14926066,1,312530,49.26371765136719,-123.2261962890625,12.2434,121,272.31596953812175
2026-05-23 00:00:00,2026-05-23 14:49:32.754125-07,2026-05-23 14:48:58-07,23002,6641,14926059,1,312530,49.26388168334961,-123.21965026855469,11.2204,120,272.21915908336877
2026-05-23 00:00:00,2026-05-23 16:20:36.839427-07,2026-05-23 16:20:23-07,19045,6641,14925927,0,312527,49.26361846923828,-123.2260513305664,1.5845,36,270.04996266607907
2026-05-23 00:00:00,2026-05-23 17:23:02.159378-07,2026-05-23 17:22:24-07,16222,6641,14925937,0,312525,49.2637825012207,-123.21961975097656,2.5945,37,269.91783723819725
2026-05-23 00:00:00,2026-05-23 12:10:43.486648-07,2026-05-23 12:10:15-07,24007,6641,14925888,0,312527,49.2637825012207,-123.21959686279297,2.5945,37,268.25744859984167
2026-05-23 00:00:00,2026-05-23 21:43:08.973865-07,2026-05-23 21:42:27-07,16201,6641,14926116,1,312530,49.26371765136719,-123.22626495361328,12.2434,121,267.3362536574269
2026-05-23 00:00:00,2026-05-23 16:29:18.298855-07,2026-05-23 16:28:41-07,15019,6641,14925928,0,312527,49.26376724243164,-123.2195816040039,2.5945,37,267.19585137591145
2026-05-23 00:00:00,2026-05-23 13:32:03.809267-07,2026-05-23 13:31:53-07,19041,6641,14926048,1,312530,49.26371765136719,-123.22628021240234,12.2434,121,266.2296644663336
2026-05-23 00:00:00,2026-05-23 13:53:33.672445-07,2026-05-23 13:53:20-07,19041,6641,14925903,0,312527,49.2637825012207,-123.21956634521484,2.5945,37,266.0436058739523
2026-05-23 00:00:00,2026-05-23 21:27:50.617984-07,2026-05-23 21:27:21-07,19015,6641,14925968,0,312527,49.26361846923828,-123.22611999511719,1.5845,36,265.074083981106
2026-05-23 00:00:00,2026-05-23 19:48:48.189128-07,2026-05-23 19:48:25-07,19015,6641,14925958,0,312527,49.26374816894531,-123.21955108642578,2.5945,37,265.0547837958995
2026-05-23 00:00:00,2026-05-23 06:49:01.33106-07,2026-05-23 06:48:23-07,16222,6641,14925851,0,312527,49.26359939575195,-123.22611999511719,1.5845,36,264.97186247037405
2026-05-23 00:00:00,2026-05-23 13:45:52.485883-07,2026-05-23 13:45:20-07,23009,6641,14926049,1,312530,49.26388168334961,-123.21953582763672,11.2204,120,263.9223111028457
2026-05-23 00:00:00,2026-05-23 00:17:00.846541-07,2026-05-23 00:16:25-07,19022,6641,14925840,1,312530,49.26371765136719,-123.226318359375,12.2434,121,263.46321506804475
2026-05-23 00:00:00,2026-05-23 20:49:02.631568-07,2026-05-23 20:48:29-07,24001,6641,14925964,0,312527,49.26359939575195,-123.22615051269531,1.5845,36,262.75958078714666
2026-05-23 00:00:00,2026-05-23 21:08:57.537943-07,2026-05-23 21:08:36-07,19041,6641,14925966,0,312527,49.26359939575195,-123.22616577148438,1.5845,36,261.65345381177355
2026-05-23 00:00:00,2026-05-23 18:16:49.273336-07,2026-05-23 18:16:31-07,16201,6641,14926093,1,312530,49.26371765136719,-123.22634887695312,12.2434,121,261.25008036770356
2026-05-23 00:00:00,2026-05-23 14:20:53.779077-07,2026-05-23 14:20:37-07,19026,6641,14926055,1,312530,49.26371765136719,-123.22634887695312,12.2434,121,261.25008036770356
2026-05-23 00:00:00,2026-05-23 09:52:58.08466-07,2026-05-23 09:52:35-07,19041,6641,14926017,1,312530,49.26373291015625,-123.22636413574219,12.2434,121,260.20822253567167
2026-05-23 00:00:00,2026-05-23 12:53:10.617509-07,2026-05-23 12:52:48-07,23002,6641,14926041,1,312530,49.26371765136719,-123.22636413574219,12.2434,121,260.14352148253965
2026-05-23 00:00:00,2026-05-23 16:43:37.361608-07,2026-05-23 16:43:03-07,22002,6641,14925931,0,312527,49.2637825012207,-123.219482421875,2.5945,37,259.9555921685444
2026-05-23 00:00:00,2026-05-23 14:24:28.623705-07,2026-05-23 14:24:07-07,19045,6641,14925908,0,312527,49.26380157470703,-123.219482421875,2.5945,37,259.9129347118853
2026-05-23 00:00:00,2026-05-23 11:26:13.534817-07,2026-05-23 11:25:35-07,24005,6641,14925882,0,312527,49.26361846923828,-123.2261962890625,1.5845,36,259.545630085699
2026-05-23 00:00:00,2026-05-23 10:00:44.962991-07,2026-05-23 10:00:04-07,24011,6641,14925871,0,312527,49.26359939575195,-123.2261962890625,1.5845,36,259.4412281772389
2026-05-23 00:00:00,2026-05-23 01:42:35.586545-07,2026-05-23 01:42:03-07,19022,6641,14925846,1,312530,49.26373291015625,-123.22637939453125,12.2434,121,259.1019460561132
2026-05-23 00:00:00,2026-05-23 17:01:00.193858-07,2026-05-23 17:00:27-07,23002,6641,14925933,0,312527,49.2637825012207,-123.21946716308594,2.5945,37,258.84868936919815
2026-05-23 00:00:00,2026-05-23 23:07:53.309405-07,2026-05-23 23:07:37-07,15019,6641,14926124,1,312530,49.26388168334961,-123.21945190429688,11.2204,120,257.83825620413313
2026-05-23 00:00:00,2026-05-23 11:50:16.244755-07,2026-05-23 11:49:58-07,24011,6641,14925885,0,312527,49.26359939575195,-123.22623443603516,1.5845,36,256.67600049519524
2026-05-23 00:00:00,2026-05-23 15:47:51.785978-07,2026-05-23 15:47:37-07,23009,6641,14925922,0,312527,49.2637825012207,-123.21943664550781,2.5945,37,256.63489217820586
2026-05-23 00:00:00,2026-05-23 11:50:47.113982-07,2026-05-23 11:50:28-07,24011,6641,14925885,0,312527,49.2637825012207,-123.21943664550781,2.5945,37,256.63489217820586
2026-05-23 00:00:00,2026-05-23 15:47:21.107882-07,2026-05-23 15:47:07-07,23009,6641,14925922,0,312527,49.26361846923828,-123.22626495361328,1.5845,36,254.57030819186417
2026-05-23 00:00:00,2026-05-23 20:14:21.141965-07,2026-05-23 20:14:00-07,15019,6641,14925960,0,312527,49.26361846923828,-123.22626495361328,1.5845,36,254.57030819186417
2026-05-23 00:00:00,2026-05-23 13:04:24.935539-07,2026-05-23 13:03:55-07,22013,6641,14926043,1,312529,49.26386642456055,-123.21939849853516,14.1504,180,254.04768581162355
2026-05-23 00:00:00,2026-05-23 13:26:26.718876-07,2026-05-23 13:25:46-07,24001,6641,14925899,0,312527,49.26376724243164,-123.21939849853516,2.5945,37,253.91535410155907
2026-05-23 00:00:00,2026-05-23 19:26:19.647899-07,2026-05-23 19:26:09-07,19041,6641,14925955,0,312527,49.26359939575195,-123.22628021240234,1.5845,36,253.35780961130578
2026-05-23 00:00:00,2026-05-23 23:11:57.900522-07,2026-05-23 23:11:27-07,19015,6641,14925978,0,312527,49.26358413696289,-123.22628021240234,1.5845,36,253.28503593891742
2026-05-23 00:00:00,2026-05-23 09:26:52.908162-07,2026-05-23 09:26:25-07,16201,6641,14925865,0,312527,49.26359939575195,-123.22630310058594,1.5845,36,251.69874888840098
2026-05-23 00:00:00,2026-05-23 12:32:12.769401-07,2026-05-23 12:31:34-07,15019,6641,14925891,0,312527,49.26358413696289,-123.22630310058594,1.5845,36,251.62549487764974
2026-05-23 00:00:00,2026-05-23 18:54:07.292027-07,2026-05-23 18:53:26-07,24011,6641,14926098,1,312530,49.26371765136719,-123.22648620605469,12.2434,121,251.29126343082686
2026-05-23 00:00:00,2026-05-23 22:40:18.535307-07,2026-05-23 22:39:58-07,8147,6641,14925975,0,312527,49.26374816894531,-123.21935272216797,2.5945,37,250.67187430863066
2026-05-23 00:00:00,2026-05-23 10:45:46.845678-07,2026-05-23 10:45:18-07,15019,6641,14925877,0,312527,49.2637825012207,-123.21935272216797,2.5945,37,250.5470098610784
2026-05-23 00:00:00,2026-05-23 17:28:08.682352-07,2026-05-23 17:27:40-07,23009,6641,14926086,1,312530,49.26371765136719,-123.22650146484375,12.2434,121,250.1847589812441
