route_id,direction_id,shape_id,trip_count
10232,0,312879,44
10232,0,317882,44
10232,1,317884,44
10232,1,312883,44
11201,0,317484,133
11201,0,312478,133
11201,1,312479,132
11201,1,317485,132
11202,0,317493,108
11202,0,312487,58
11202,1,317494,108
11202,1,312488,58
11692,0,318046,139
11692,0,313036,139
11692,1,318047,125
11692,1,313037,124
11693,0,313054,34
11693,0,318064,34
11693,1,313056,32
11693,1,318065,32
11696,0,313243,97
11696,0,318254,97
11696,1,318255,100
11696,1,313244,100
12940,0,313211,90
12940,0,318223,90
12940,0,318222,14
12940,0,313212,13
12940,1,318225,90
12940,1,313213,90
12940,1,313214,13
12940,1,318224,13
13684,0,313145,44
13684,0,318153,44
13684,1,318155,22
13684,1,318156,22
13684,1,313147,22
13684,1,313146,22
13686,0,313353,408
13686,0,318362,408
13686,0,313352,408
13686,0,318361,408
13686,0,318363,3
13686,0,313350,3
13686,0,318364,3
13686,0,313351,3
13686,1,313357,420
13686,1,318366,420
13686,1,313356,408
13686,1,318367,408
13686,1,318369,13
13686,1,313354,13
13686,1,318368,7
13686,1,313355,7
16717,0,317725,29
16717,0,312725,29
16717,1,312730,18
16717,1,317726,18
16717,1,312726,13
16717,1,317730,13
16717,1,312728,8
16717,1,317728,8
16717,1,312727,3
16717,1,317729,3
16718,0,318537,190
16718,0,312332,190
16718,0,318499,75
16718,0,317332,72
16718,0,312335,45
16718,0,312334,42
16718,0,312336,15
16718,0,317333,15
16718,0,318539,15
16718,0,312333,2
16718,0,318538,2
16718,1,312346,183
16718,1,318540,183
16718,1,317345,79
16718,1,318500,69
16718,1,312347,50
16718,1,312348,46
16718,1,317346,17
16719,0,312557,87
16719,0,317557,87
16719,1,312558,87
16719,1,317558,87
17707,0,318001,177
17707,0,312992,176
17707,0,317999,11
17707,0,312994,11
17707,0,312993,4
17707,0,318000,4
17707,1,318003,176
17707,1,312996,175
17707,1,318002,11
17707,1,312997,11
17707,1,312995,5
17707,1,318004,5
18213,0,317791,5
18213,0,312791,5
18213,1,317792,5
18213,1,312792,5
18705,0,313188,114
18705,0,318197,114
18705,0,313187,2
18705,0,318198,2
18705,0,313186,1
18705,0,318199,1
18705,1,313189,97
18705,1,318201,97
18705,1,313190,18
18705,1,318200,18
20667,0,313191,131
20667,0,318202,131
20667,1,313192,132
20667,1,318203,132
22638,0,317719,135
22638,0,312719,134
22638,1,317720,137
22638,1,312720,136
22639,0,312773,114
22639,0,317772,114
22639,1,312775,112
22639,1,317774,112
23384,0,318181,145
23384,0,313171,144
23384,0,318183,104
23384,0,313169,102
23384,0,318182,8
23384,0,313170,8
23384,0,313172,2
23384,0,318180,2
23384,1,318186,147
23384,1,313175,147
23384,1,318188,114
23384,1,313173,111
23384,1,318187,5
23384,1,313174,5
23384,1,313177,1
23384,1,318185,1
23384,1,313176,1
23384,1,318184,1
29038,0,313008,134
29038,0,318016,134
29038,0,313007,12
29038,0,318017,12
29038,1,314721,131
29038,1,318018,130
29038,1,318019,13
29038,1,313009,12
29039,1,314723,1
29039,1,318352,1
29040,1,318345,1
29040,1,313334,1
30036,0,317672,125
30036,0,312672,125
30036,1,317674,122
30036,1,312674,122
30036,1,317675,2
30036,1,312673,2
30036,1,317673,1
30036,1,312675,1
30037,0,312676,103
30037,0,317676,103
30037,1,317677,109
30037,1,312677,108
30038,0,317678,108
30038,0,312679,108
30038,0,317679,1
30038,0,312678,1
30038,1,317680,103
30038,1,312680,103
30039,0,317683,98
30039,0,312681,98
30039,0,312682,5
30039,0,317682,5
30039,1,312684,105
30039,1,317684,105
30040,0,312685,98
30040,0,317686,98
30040,0,312686,7
30040,0,317685,7
30040,1,317688,104
30040,1,312687,103
30041,0,317691,17
30041,0,312689,14
30041,0,317690,9
30041,0,312690,9
30041,1,312692,16
30041,1,317693,16
30041,1,312693,7
30041,1,317692,7
30042,0,312694,38
30042,0,317694,38
30042,1,317695,38
30042,1,312695,38
30043,0,312696,153
30043,0,317696,153
30043,1,312698,151
30043,1,317698,151
30043,1,317697,1
30043,1,312699,1
30044,0,312701,77
30044,0,318506,52
30044,0,317700,25
30044,0,317701,7
30044,0,312700,7
30044,1,312703,78
30044,1,317703,56
30044,1,317702,28
30044,1,312702,4
30045,0,312705,50
30045,0,317704,50
30045,0,317705,29
30045,0,312704,29
30045,1,317707,46
30045,1,312706,46
30045,1,317706,35
30045,1,312707,35
30046,0,317709,141
30046,0,312708,140
30046,1,317710,138
30046,1,312710,137
30047,0,317711,110
30047,0,312711,110
30047,1,317712,115
30047,1,312712,115
30048,0,312713,115
30048,0,317713,115
30048,1,312714,110
30048,1,317714,110
30049,0,317715,128
30049,0,312715,126
30049,1,317716,126
30049,1,312716,126
30050,0,312717,120
30050,0,317717,120
30050,1,312718,120
30050,1,317718,120
30051,0,312721,90
30051,0,317721,90
30051,1,317722,90
30051,1,312722,90
30052,0,318372,618
30052,0,313360,613
30052,0,313361,43
30052,0,318371,43
30052,0,318373,4
30052,0,313359,3
30052,1,318378,612
30052,1,313364,607
30052,1,313366,13
30052,1,318376,13
30052,1,318375,2
30052,1,313367,2
30053,0,318391,638
30053,0,313374,630
30053,0,313375,285
30053,0,318390,285
30053,0,313382,200
30053,0,318383,200
30053,0,313373,24
30053,0,318392,24
30053,0,313371,20
30053,0,318394,20
30053,0,318396,18
30053,0,318393,11
30053,0,313372,11
30053,0,313369,10
30053,0,318381,6
30053,0,313384,6
30053,0,313383,5
30053,0,318382,5
30053,0,318385,4
30053,0,313380,4
30053,0,313379,1
30053,0,318386,1
30053,1,313392,625
30053,1,318409,625
30053,1,318408,294
30053,1,313393,294
30053,1,313402,198
30053,1,318399,198
30053,1,318413,32
30053,1,313388,23
30053,1,318400,22
30053,1,313401,17
30053,1,313391,16
30053,1,318410,16
30053,1,318411,2
30053,1,313390,2
30053,1,318402,1
30053,1,318401,1
30053,1,318403,1
30053,1,313399,1
30053,1,313398,1
30053,1,318414,1
30053,1,313387,1
30053,1,313400,1
30053,1,318415,1
30053,1,313386,1
30055,0,318495,288
30055,0,312444,259
30055,0,318496,247
30055,1,318497,288
30055,1,312445,259
30055,1,318498,247
30584,0,317723,101
30584,0,312723,101
30584,1,312724,101
30584,1,317724,101
31816,0,313028,53
31816,0,318037,53
31816,0,313027,1
31816,0,318038,1
31816,1,313029,52
31816,1,318039,52
31817,0,318040,54
31817,0,313030,54
31817,1,318041,53
31817,1,313031,53
31818,0,318042,124
31818,0,313032,92
31818,1,318043,123
31818,1,313033,91
31819,0,318044,101
31819,0,313034,101
31819,1,313035,101
31819,1,318045,101
31820,0,318054,90
31820,0,313044,90
31820,1,318055,86
31820,1,313045,86
31821,0,313287,62
31821,0,318297,62
31821,0,318298,6
31821,0,313286,5
31821,0,318296,1
31821,0,313288,1
31821,1,313290,61
31821,1,318300,61
31821,1,313289,5
31821,1,318301,5
31821,1,313291,2
31821,1,318299,2
31822,0,318303,67
31822,0,313293,65
31822,0,318302,5
31822,0,313294,5
31822,0,313292,1
31822,0,318304,1
31822,1,318306,62
31822,1,313296,62
31822,1,318307,5
31822,1,313295,5
31822,1,313297,4
31822,1,318305,4
32799,0,317575,247
32799,0,312575,247
32799,1,312576,243
32799,1,317576,243
33292,0,312609,86
33292,0,317607,86
33292,0,317608,33
33292,0,312608,33
33292,0,312607,1
33292,0,317609,1
33292,1,317610,90
33292,1,312611,88
33292,1,312610,33
33292,1,317611,33
33538,0,312517,183
33538,0,317515,183
33538,1,317516,183
33538,1,312518,183
34042,0,318315,52
34042,0,313306,51
34042,0,318316,1
34042,0,313305,1
34042,1,318317,29
34042,1,313310,29
34042,1,313309,19
34042,1,318318,19
34042,1,318319,2
34042,1,313308,2
34042,1,318320,1
34042,1,313307,1
34043,0,318321,37
34043,0,313312,36
34043,0,318322,12
34043,0,313311,12
34043,1,313316,25
34043,1,318325,25
34043,1,318324,13
34043,1,318326,12
34043,1,313315,12
34043,1,313317,12
34043,1,318323,2
34043,1,313318,2
34043,1,318327,1
34043,1,313314,1
34044,0,318204,51
34044,0,313193,51
34044,1,318205,51
34044,1,313194,51
34045,0,318206,51
34045,0,313196,51
34045,0,313195,1
34045,0,318207,1
34045,1,313197,51
34045,1,318208,51
34540,0,318292,66
34540,0,313282,66
34540,1,318293,66
34540,1,313283,66
34541,0,318294,66
34541,0,313284,66
34541,1,313285,66
34541,1,318295,66
34542,0,318109,234
34542,0,313098,234
34542,1,318110,234
34542,1,313100,233
34542,1,318111,2
34542,1,313099,2
34543,0,318130,70
34543,0,313118,70
34543,0,318129,68
34543,0,313119,67
34543,0,318128,34
34543,0,313120,34
34543,0,313117,2
34543,0,318131,2
34543,1,318133,103
34543,1,313122,103
34543,1,313121,69
34543,1,318134,69
34543,1,318132,2
34543,1,313123,2
34544,0,312899,12
34544,0,317899,12
34544,1,317900,12
34544,1,312900,12
36799,0,317830,111
36799,0,312831,110
36799,1,317832,107
36799,1,312832,107
37807,0,318471,243
37807,0,313454,243
37807,0,318481,176
37807,0,318470,36
37807,0,318469,26
37807,0,313456,26
37807,0,313457,23
37807,0,318468,23
37807,0,313455,17
37807,0,313458,10
37807,0,318467,10
37807,1,318476,235
37807,1,313460,235
37807,1,318482,195
37807,1,318475,27
37807,1,313461,27
37807,1,318473,21
37807,1,313463,21
37807,1,318472,8
37807,1,313464,8
37807,1,318474,3
37807,1,313462,3
37808,0,318452,223
37808,0,313443,223
37808,0,318453,59
37808,0,313442,59
37808,0,318455,17
37808,0,313440,17
37808,0,313441,2
37808,0,318454,2
37808,1,313445,282
37808,1,318456,282
37808,1,318457,7
37808,1,313444,7
37809,0,318462,245
37809,0,313450,245
37809,1,318463,246
37809,1,313451,245
37810,0,318464,409
37810,0,313452,409
37810,1,313453,412
37810,1,318465,412
38311,0,318458,172
38311,0,313447,172
38311,0,318459,107
38311,0,313446,107
38311,1,313449,167
38311,1,318460,167
38311,1,318461,111
38311,1,313448,111
39304,0,312476,120
39304,0,317482,120
39304,1,317483,120
39304,1,312477,120
39305,0,318493,55
39305,0,312768,55
39305,1,318494,53
39305,1,312769,51
39307,0,317818,177
39307,0,312818,177
39307,1,312819,177
39307,1,317819,177
40855,0,318026,132
40855,0,313015,132
40855,0,318025,4
40855,0,313016,4
40855,1,313017,137
40855,1,318027,137
44845,0,318359,51
44845,1,318360,51
45596,0,317517,26
45596,0,312519,26
45596,1,312520,26
45596,1,317518,26
46099,0,312543,204
46099,0,317543,204
46099,1,317544,204
46099,1,312544,204
46604,0,313465,334
46604,0,318477,334
46604,1,318478,328
46604,1,313466,328
48855,0,318005,77
48855,0,312998,77
48855,1,318006,77
48855,1,312999,77
53124,0,318504,163
53124,0,318549,6
53124,1,318505,169
53125,0,318490,2562
53125,1,318489,2562
53126,0,318507,54
53126,1,318508,58
53127,0,318535,26
53127,1,318536,26
6612,0,317230,217
6612,0,312225,209
6612,0,317231,83
6612,0,312224,80
6612,1,317232,217
6612,1,312227,209
6612,1,317233,83
6612,1,312226,80
6613,0,317234,238
6613,0,312228,238
6613,1,312229,238
6613,1,317235,238
6614,0,318518,151
6614,0,312231,150
6614,0,318522,24
6614,0,312234,24
6614,0,312230,21
6614,0,317241,21
6614,0,317239,18
6614,0,312233,18
6614,0,318534,10
6614,0,317238,10
6614,0,312235,10
6614,0,312232,10
6614,1,318524,152
6614,1,312245,151
6614,1,317249,17
6614,1,312238,17
6614,1,317246,12
6614,1,318525,11
6614,1,312242,11
6614,1,312244,11
6614,1,312241,10
6614,1,317245,9
6614,1,312236,7
6614,1,318527,7
6614,1,312237,2
6614,1,317250,2
6614,1,312239,1
6614,1,317248,1
6614,1,317247,1
6614,1,312240,1
6614,1,312243,1
6614,1,318526,1
6615,0,317252,314
6615,0,312248,304
6615,0,312247,18
6615,0,317253,18
6615,0,317254,6
6615,0,312246,6
6615,1,312251,319
6615,1,317256,305
6615,1,317255,23
6615,1,312249,5
6615,1,317258,5
6615,1,312250,1
6615,1,317257,1
6616,0,317259,334
6616,0,312253,325
6616,1,317260,331
6616,1,312255,321
6616,1,312254,7
6616,1,317261,7
6617,0,317263,196
6617,0,312261,178
6617,0,312260,27
6617,0,317266,9
6617,0,317262,9
6617,0,312257,9
6617,0,317264,3
6617,0,312259,3
6617,0,312256,1
6617,0,318548,1
6617,0,312258,1
6617,0,317265,1
6617,1,317269,148
6617,1,312273,148
6617,1,317270,24
6617,1,312271,19
6617,1,318514,12
6617,1,318547,12
6617,1,312270,11
6617,1,317271,6
6617,1,318519,6
6617,1,317278,6
6617,1,318520,6
6617,1,318532,6
6617,1,312263,6
6617,1,318531,6
6617,1,312264,3
6617,1,317277,3
6617,1,318517,3
6617,1,318521,2
6617,1,317279,2
6617,1,312262,2
6617,1,318529,2
6617,1,318533,2
6617,1,318528,2
6617,1,318523,2
6617,1,318530,2
6617,1,312269,2
6617,1,317272,2
6617,1,312266,1
6617,1,318546,1
6617,1,318545,1
6617,1,318516,1
6617,1,312265,1
6618,0,312278,199
6618,0,317280,199
6618,0,317282,31
6618,0,312276,31
6618,0,312275,17
6618,0,317283,17
6618,0,312277,12
6618,0,317281,12
6618,0,312274,7
6618,0,317284,7
6618,1,312280,220
6618,1,317287,220
6618,1,317286,28
6618,1,312281,28
6618,1,317288,18
6618,1,312279,18
6618,1,317285,1
6618,1,312282,1
6619,0,317297,232
6619,0,312285,231
6619,0,317290,61
6619,0,312292,60
6619,0,312289,25
6619,0,317293,25
6619,0,312293,2
6619,0,317289,2
6619,1,317304,251
6619,1,312305,251
6619,1,317306,40
6619,1,312303,40
6619,1,317313,17
6619,1,312296,17
6619,1,317302,5
6619,1,312307,4
6619,1,312297,4
6619,1,317312,4
6619,1,317300,2
6619,1,312309,2
6619,1,317309,1
6619,1,312300,1
6620,0,317321,218
6620,0,312313,192
6620,0,312312,39
6620,0,318510,14
6620,0,312317,14
6620,0,317320,13
6620,0,312315,5
6620,0,317318,5
6620,0,318511,3
6620,0,312311,3
6620,0,312310,2
6620,0,318512,2
6620,1,317325,220
6620,1,312323,202
6620,1,312322,28
6620,1,317324,10
6620,1,312320,6
6620,1,317329,6
6620,1,312318,6
6620,1,317327,6
6620,1,317328,2
6620,1,312319,2
6620,1,312321,2
6620,1,317326,2
6621,0,317356,228
6621,0,312350,209
6621,1,317357,230
6621,1,312351,211
6622,0,317366,246
6622,0,312365,227
6622,0,317380,170
6622,0,312366,28
6622,0,317367,9
6622,0,317358,6
6622,0,312374,6
6622,0,312371,3
6622,0,317379,3
6622,0,318542,3
6622,0,312353,3
6622,0,318541,2
6622,0,312369,2
6622,0,312373,2
6622,0,317359,2
6622,0,317364,2
6622,0,312368,2
6622,0,318543,1
6622,0,317365,1
6622,0,312367,1
6622,0,312370,1
6622,0,317362,1
6622,0,312372,1
6622,1,317386,227
6622,1,312384,208
6622,1,317391,171
6622,1,312385,27
6622,1,312389,19
6622,1,318544,19
6622,1,312387,11
6622,1,317384,11
6622,1,317387,9
6622,1,317385,4
6622,1,312386,4
6622,1,312382,1
6622,1,317383,1
6622,1,312388,1
6622,1,317389,1
6623,0,317397,220
6623,0,312392,220
6623,1,317400,211
6623,1,312396,190
6623,1,312395,31
6623,1,317399,10
6623,1,317402,9
6623,1,312393,9
6623,1,312394,3
6623,1,317401,3
6624,0,317405,249
6624,0,312403,249
6624,0,317403,134
6624,0,312405,86
6624,0,318501,66
6624,0,317408,32
6624,0,312400,32
6624,0,317411,25
6624,0,312397,16
6624,0,317404,14
6624,0,312404,14
6624,0,312402,13
6624,0,317406,13
6624,0,318503,9
6624,0,312401,4
6624,0,312399,4
6624,0,317410,4
6624,0,317409,4
6624,0,317407,4
6624,0,312398,4
6624,1,317413,210
6624,1,312413,210
6624,1,317412,154
6624,1,312414,102
6624,1,318502,75
6624,1,312412,42
6624,1,317414,42
6624,1,317419,16
6624,1,312407,16
6624,1,312410,14
6624,1,317416,14
6624,1,312411,10
6624,1,317415,10
6624,1,317420,5
6624,1,312408,4
6624,1,317418,4
6624,1,317417,3
6624,1,312409,3
6625,0,317421,230
6625,0,312419,229
6625,0,317424,30
6625,0,312416,29
6625,0,317423,7
6625,0,312417,7
6625,0,312418,3
6625,0,317422,3
6625,1,317427,221
6625,1,312428,196
6625,1,312427,36
6625,1,317432,28
6625,1,312422,27
6625,1,317426,12
6625,1,317429,11
6625,1,312425,11
6625,1,317430,4
6625,1,312423,4
6625,1,318513,4
6625,1,312421,4
6625,1,312424,4
6625,1,317431,4
6625,1,317428,3
6625,1,312426,3
6625,1,317434,3
6625,1,312420,3
6626,0,312437,199
6626,0,317435,199
6626,0,317443,26
6626,0,312429,26
6626,0,312436,24
6626,0,317436,24
6626,0,317437,6
6626,0,312435,6
6626,0,312434,3
6626,0,317438,3
6626,0,317441,2
6626,0,312431,2
6626,0,317439,1
6626,0,312433,1
6626,0,312430,1
6626,0,317442,1
6626,1,312442,168
6626,1,317445,168
6626,1,312438,59
6626,1,317449,59
6626,1,312441,6
6626,1,317446,6
6626,1,317444,2
6626,1,312443,2
6626,1,312439,2
6626,1,317448,2
6627,0,312450,233
6627,0,317452,233
6627,0,312447,5
6627,0,317455,5
6627,0,312449,3
6627,0,317453,3
6627,0,317456,2
6627,0,312446,2
6627,1,312455,216
6627,1,317457,216
6627,1,312454,8
6627,1,317458,8
6627,1,312453,7
6627,1,317459,7
6627,1,317460,7
6627,1,312452,7
6628,0,312456,140
6628,0,317463,140
6628,0,317462,1
6628,0,312457,1
6628,1,317464,141
6628,1,312458,140
6629,0,312461,133
6629,0,317465,133
6629,0,312460,5
6629,0,317466,5
6629,0,312459,1
6629,0,317467,1
6629,1,312464,137
6629,1,317468,137
6629,1,312463,2
6629,1,317469,2
6629,1,317470,1
6629,1,312462,1
6630,0,318483,157
6630,0,312465,157
6630,0,312466,10
6630,0,318485,6
6630,0,317473,4
6630,0,317471,3
6630,0,312468,3
6630,1,312470,163
6630,1,318484,163
6630,1,312473,2
6630,1,312472,2
6630,1,318487,1
6630,1,317476,1
6630,1,317475,1
6631,0,317480,130
6631,0,312474,130
6631,1,312475,130
6631,1,317481,130
6633,0,312481,219
6633,0,317487,219
6633,0,312480,18
6633,0,317488,18
6633,0,312482,10
6633,0,317486,10
6633,1,312483,225
6633,1,317492,225
6633,1,317491,12
6633,1,312484,12
6633,1,312485,10
6633,1,317490,10
6633,1,317489,3
6633,1,312486,3
6635,0,312489,51
6635,0,317496,51
6635,1,312491,54
6635,1,317498,54
6636,0,317500,312
6636,0,312498,312
6636,0,317502,15
6636,0,312493,15
6636,0,312497,3
6636,0,317501,3
6636,0,314710,3
6636,0,317499,3
6636,1,312507,316
6636,1,317503,316
6636,1,312506,11
6636,1,317504,11
6636,1,317505,1
6636,1,312499,1
6636,1,312500,1
6636,1,317506,1
6637,0,317508,228
6637,0,312510,184
6637,0,312509,38
6637,0,317507,13
6637,1,317510,204
6637,1,312516,179
6637,1,317512,14
6637,1,312513,14
6637,1,317514,12
6637,1,312511,12
6637,1,312515,10
6637,1,312514,5
6637,1,317511,5
6637,1,317509,4
6637,1,317513,4
6637,1,312512,4
6638,0,317519,136
6638,0,312521,136
6638,1,312522,135
6638,1,317520,135
6641,0,312527,355
6641,0,317522,355
6641,0,317524,54
6641,0,312525,54
6641,0,317525,48
6641,0,312524,48
6641,0,317526,18
6641,0,312523,18
6641,0,317523,2
6641,0,312526,2
6641,0,314726,1
6641,0,317521,1
6641,1,312530,396
6641,1,317528,396
6641,1,317529,80
6641,1,312529,80
6641,1,317530,2
6641,1,312528,2
6641,1,317527,1
6641,1,314727,1
6642,0,312532,216
6642,0,317532,216
6642,0,312531,67
6642,0,317533,67
6642,1,312538,193
6642,1,317534,193
6642,1,312537,66
6642,1,317535,66
6642,1,317536,16
6642,1,312536,16
6642,1,312535,6
6642,1,317537,6
6643,0,312539,108
6643,0,317540,108
6643,1,312542,110
6643,1,317541,110
6643,1,317542,1
6643,1,312541,1
6644,0,312548,125
6644,0,317548,125
6644,0,312549,8
6644,0,317547,8
6644,1,312551,123
6644,1,317551,123
6644,1,317550,7
6644,1,312552,7
6645,0,312555,263
6645,0,317555,263
6645,1,312556,261
6645,1,317556,261
6646,0,317559,115
6646,0,312560,115
6646,0,317560,1
6646,0,312559,1
6646,1,317562,116
6646,1,312564,114
6646,1,312562,2
6646,1,317564,2
6646,1,312561,1
6646,1,317563,1
6646,1,317565,1
6646,1,312563,1
6647,0,317566,186
6647,0,312566,186
6647,1,317567,185
6647,1,312568,184
6647,1,317568,1
6647,1,312567,1
6648,0,317571,122
6648,0,312569,121
6648,0,317569,5
6648,0,312571,5
6648,1,317573,104
6648,1,312573,104
6648,1,317572,12
6648,1,312574,12
6648,1,312572,12
6648,1,317574,12
6649,0,317577,203
6649,0,312580,203
6649,0,317580,17
6649,0,312577,17
6649,0,317578,8
6649,0,312579,8
6649,0,317579,1
6649,0,312578,1
6649,1,312584,209
6649,1,317582,209
6649,1,317585,16
6649,1,312581,16
6649,1,317581,2
6649,1,312585,2
6650,0,312591,116
6650,0,317590,116
6650,0,317591,3
6650,0,312590,3
6650,1,312592,121
6650,1,317592,121
6651,0,318491,197
6651,0,312594,197
6651,0,317595,78
6651,0,312595,78
6651,0,312597,3
6651,0,317593,3
6651,1,312599,192
6651,1,318492,192
6651,1,317600,77
6651,1,312600,76
6651,1,317599,9
6651,1,312601,9
6651,1,317598,2
6651,1,312602,2
6652,0,317612,105
6652,0,312614,105
6652,0,312612,1
6652,0,317613,1
6652,0,317614,1
6652,0,312613,1
6652,1,317617,102
6652,1,312615,102
6652,1,317616,2
6652,1,312616,2
6652,1,312617,1
6652,1,317615,1
6654,0,317618,106
6654,0,312618,104
6654,1,317619,106
6654,1,312620,106
6654,1,312619,1
6654,1,317620,1
6656,0,312621,40
6656,0,317621,40
6656,1,312622,40
6656,1,317622,40
6657,0,317623,139
6657,0,312623,138
6657,1,317626,140
6657,1,312625,140
6657,1,317624,2
6657,1,312627,2
6657,1,317627,1
6657,1,312624,1
6658,0,317628,192
6658,0,312628,192
6658,1,317629,194
6658,1,312629,194
6659,0,317638,120
6659,0,312638,119
6659,1,317640,118
6659,1,312640,118
6659,1,312639,1
6659,1,312641,1
6659,1,317641,1
6659,1,317639,1
6660,0,317642,105
6660,0,312645,103
6660,0,317645,15
6660,0,312642,13
6660,0,312643,2
6660,0,317644,2
6660,0,317643,1
6660,0,312644,1
6660,1,317648,105
6660,1,312647,103
6660,1,317647,14
6660,1,312648,14
6660,1,317646,2
6660,1,312649,2
6661,0,317651,115
6661,0,312650,115
6661,0,312651,1
6661,0,317650,1
6661,1,317652,117
6661,1,312652,117
6662,0,317586,134
6662,0,312587,133
6662,1,312589,134
6662,1,317588,134
6662,1,312588,3
6662,1,317589,3
6663,0,312653,120
6663,0,317653,120
6663,1,312654,121
6663,1,317654,121
6664,0,317655,95
6664,0,312655,95
6664,1,312656,98
6664,1,317656,98
6665,0,312657,111
6665,0,317657,111
6665,1,312658,113
6665,1,317658,113
6666,0,317661,107
6666,0,312660,104
6666,0,312662,4
6666,0,317659,4
6666,0,317662,2
6666,0,312659,2
6666,0,312661,1
6666,0,317660,1
6666,1,317665,99
6666,1,312663,99
6666,1,317663,9
6666,1,312665,9
6666,1,312664,1
6666,1,317664,1
6667,0,312666,199
6667,0,317668,199
6667,1,317669,204
6667,1,312669,203
6668,0,312670,117
6668,0,317670,117
6668,1,317671,116
6668,1,312671,116
6672,0,312736,101
6672,0,317731,101
6672,0,312735,6
6672,0,317732,6
6672,0,312733,2
6672,0,317734,2
6672,0,312732,1
6672,0,317733,1
6672,0,317735,1
6672,0,312734,1
6672,1,317737,101
6672,1,312741,100
6672,1,317739,2
6672,1,312739,2
6672,1,317738,1
6672,1,312738,1
6672,1,312740,1
6672,1,317740,1
6673,0,317743,80
6673,0,312746,55
6673,0,312745,54
6673,0,317744,50
6673,0,317746,4
6673,0,312743,3
6673,0,317742,2
6673,0,312747,2
6673,0,317745,1
6673,0,312744,1
6673,0,317747,1
6673,0,312742,1
6673,1,317751,84
6673,1,312749,62
6673,1,312750,31
6673,1,317750,30
6673,1,312751,22
6673,1,317749,22
6673,1,317748,1
6673,1,312748,1
6673,1,312752,1
6673,1,317752,1
6674,0,317753,67
6674,0,312754,66
6674,0,312753,35
6674,0,317754,35
6674,1,317755,90
6674,1,312757,90
6674,1,312755,8
6674,1,317757,8
6674,1,312756,5
6674,1,317756,5
6675,0,312758,82
6675,0,317760,82
6675,0,317759,16
6675,0,312759,16
6675,0,312760,2
6675,0,317758,2
6675,1,312761,82
6675,1,317764,82
6675,1,312762,14
6675,1,317763,13
6675,1,312763,5
6675,1,317762,5
6676,0,312777,124
6676,0,317777,124
6676,0,317778,3
6676,0,312776,3
6676,0,317776,3
6676,0,312778,3
6676,1,317781,126
6676,1,312780,124
6676,1,317780,3
6676,1,312781,3
6676,1,312779,1
6676,1,312782,1
6676,1,317779,1
6676,1,317782,1
6677,0,317783,135
6677,0,312783,134
6677,1,312784,136
6677,1,317784,136
6678,0,312786,75
6678,0,317787,75
6678,0,317785,29
6678,0,312788,29
6678,0,312785,10
6678,0,317788,10
6678,0,317786,2
6678,0,312787,2
6678,1,317789,99
6678,1,312790,99
6678,1,317790,10
6678,1,312789,10
6679,0,317794,69
6679,0,312796,69
6679,0,317793,27
6679,0,312797,27
6679,0,317796,2
6679,0,312794,2
6679,0,312795,1
6679,0,317795,1
6679,1,317798,96
6679,1,312799,96
6680,0,317800,155
6680,0,312802,154
6680,0,317802,1
6680,0,312800,1
6680,1,312804,154
6680,1,317803,154
6680,1,312803,1
6680,1,317804,1
6682,0,317805,205
6682,0,312808,204
6682,0,312806,35
6682,0,317807,35
6682,0,312805,1
6682,0,317808,1
6682,1,312812,201
6682,1,317810,201
6682,1,317809,20
6682,1,312813,20
6682,1,317811,13
6682,1,312811,13
6682,1,317812,1
6682,1,312810,1
6683,0,312814,13
6683,0,317815,13
6683,0,317814,5
6683,0,312815,5
6683,1,317816,8
6683,1,312817,8
6683,1,317817,4
6683,1,312816,4
6685,0,317820,101
6685,0,312821,99
6685,0,317821,8
6685,0,312820,8
6685,1,317822,95
6685,1,312826,95
6685,1,312825,10
6685,1,317823,10
6685,1,317825,2
6685,1,317826,2
6685,1,312823,2
6685,1,312822,2
6685,1,312824,1
6685,1,317824,1
6686,0,317827,6
6686,0,312827,6
6686,1,317828,3
6686,1,312829,3
6686,1,317829,1
6686,1,312828,1
6687,0,317840,182
6687,0,312836,171
6687,0,312837,123
6687,0,317839,123
6687,0,312839,5
6687,0,317837,5
6687,0,317843,2
6687,0,317838,2
6687,0,312838,2
6687,0,312834,1
6687,0,317841,1
6687,0,312833,1
6687,0,312835,1
6687,0,317842,1
6687,1,317847,179
6687,1,312849,173
6687,1,312851,129
6687,1,317845,128
6687,1,312845,6
6687,1,317851,6
6687,1,312847,4
6687,1,317849,4
6687,1,317850,3
6687,1,312846,3
6687,1,317848,2
6687,1,312848,2
6687,1,312852,1
6687,1,317846,1
6687,1,317844,1
6687,1,312844,1
6687,1,317852,1
6687,1,312850,1
6688,0,312853,55
6688,0,317853,55
6688,1,312854,56
6688,1,317854,56
6689,0,317855,54
6689,0,312855,54
6689,1,312857,56
6689,1,317857,56
6690,0,312859,47
6690,0,317860,47
6690,0,317859,9
6690,0,312860,9
6690,1,312861,42
6690,1,317862,42
6690,1,312862,13
6690,1,317861,13
6691,0,317864,45
6691,0,312866,45
6691,0,312867,3
6691,0,312865,3
6691,0,317865,3
6691,0,317863,3
6691,0,312864,1
6691,0,312863,1
6691,0,317867,1
6691,0,317866,1
6691,1,317869,45
6691,1,312872,45
6691,1,312869,4
6691,1,317872,4
6691,1,317871,3
6691,1,312870,3
6691,1,312868,1
6691,1,317873,1
6692,0,312875,118
6692,0,317874,118
6692,0,317875,20
6692,0,312874,20
6692,1,312878,116
6692,1,317876,116
6692,1,312876,22
6692,1,317878,22
6692,1,312877,3
6692,1,317877,3
6693,0,317885,200
6693,0,312885,200
6693,1,312886,200
6693,1,317886,200
6698,0,317901,125
6698,0,312901,125
6698,1,312902,132
6698,1,317902,132
6699,0,317908,13
6699,0,312908,13
6699,1,312909,12
6699,1,317909,12
6700,0,317910,108
6700,0,312911,108
6700,0,317911,15
6700,0,312910,14
6700,1,312913,111
6700,1,317913,111
6700,1,312912,8
6700,1,317914,8
6700,1,317912,1
6700,1,312914,1
6701,0,317916,32
6701,0,312919,32
6701,0,317919,25
6701,0,312916,25
6701,0,317915,7
6701,0,312920,7
6701,0,312915,1
6701,0,317920,1
6701,1,312923,40
6701,1,317921,40
6701,1,312922,25
6701,1,317922,25
6701,1,312921,1
6701,1,317923,1
6702,0,317925,88
6702,0,312924,88
6702,0,317924,2
6702,0,312925,2
6702,1,312927,89
6702,1,317926,89
6702,1,312926,2
6702,1,317927,2
6703,0,317929,219
6703,0,312930,218
6703,0,312931,19
6703,0,317928,19
6703,0,312929,12
6703,0,317930,11
6703,0,317931,8
6703,0,312928,8
6703,1,317932,239
6703,1,314712,237
6703,1,312932,20
6703,1,317933,18
6704,0,312934,113
6704,0,317934,113
6704,0,312933,100
6704,0,317935,100
6704,1,317937,101
6704,1,312937,101
6704,1,312935,99
6704,1,317939,99
6704,1,312938,7
6704,1,317936,7
6704,1,312936,2
6704,1,317938,2
6705,0,312945,231
6705,0,317942,231
6705,0,317943,25
6705,0,312944,25
6705,0,312940,23
6705,0,317947,23
6705,0,312941,16
6705,0,317946,16
6705,0,312942,6
6705,0,317945,6
6705,0,317941,5
6705,0,312946,5
6705,0,312939,2
6705,0,317948,2
6705,0,312947,1
6705,0,317940,1
6705,0,312943,1
6705,0,317944,1
6705,1,312952,232
6705,1,317952,232
6705,1,312949,44
6705,1,317955,44
6705,1,312951,30
6705,1,317953,30
6705,1,317949,4
6705,1,317950,4
6705,1,312955,4
6705,1,312954,4
6705,1,312953,1
6705,1,312948,1
6705,1,312950,1
6705,1,317951,1
6705,1,317956,1
6705,1,317954,1
6706,0,312960,270
6706,0,317959,270
6706,0,317961,31
6706,0,312958,31
6706,1,314713,276
6706,1,317963,270
6706,1,317964,31
6706,1,312963,25
6707,0,312966,130
6707,0,317967,130
6707,0,317969,18
6707,0,312964,17
6707,1,314715,123
6707,1,317970,123
6707,1,312967,22
6707,1,317971,22
6708,0,317972,113
6708,0,312971,112
6708,0,317974,17
6708,0,312969,16
6708,0,312968,1
6708,0,317975,1
6708,0,312970,1
6708,0,317973,1
6708,1,314716,123
6708,1,317976,123
6708,1,317977,9
6708,1,312972,9
6709,0,317979,49
6709,0,312973,49
6709,1,317980,41
6709,1,312976,40
6709,1,317981,16
6709,1,312975,16
6710,0,317982,10
6710,0,312979,10
6710,0,312978,8
6710,0,317983,8
6710,0,317984,1
6710,0,312977,1
6710,1,317985,16
6710,1,312981,16
6710,1,312980,2
6710,1,317986,2
6712,0,317988,217
6712,0,314717,213
6712,0,317989,43
6712,0,312984,42
6712,0,317990,6
6712,0,312983,6
6712,0,314718,3
6712,0,317987,3
6712,1,317992,209
6712,1,312991,209
6712,1,317994,27
6712,1,312989,25
6712,1,312987,6
6712,1,317996,6
6712,1,317998,3
6712,1,312985,3
6712,1,317997,2
6712,1,312986,2
6712,1,312988,2
6712,1,317995,2
6712,1,317993,1
6712,1,312990,1
6713,0,318007,147
6713,0,313000,147
6713,1,313001,138
6713,1,318008,138
6714,0,318022,54
6714,0,313010,53
6714,0,318021,1
6714,0,313011,1
6714,1,313014,35
6714,1,318023,35
6714,1,318024,18
6714,1,313013,18
6715,0,313019,194
6715,0,318028,194
6715,0,313018,24
6715,0,318029,24
6715,1,313021,207
6715,1,318030,207
6715,1,313020,18
6715,1,318031,18
6716,0,313022,11
6716,0,318032,11
6716,1,313023,11
6716,1,318033,11
6717,0,313024,9
6717,0,318034,9
6717,1,318035,10
6717,1,313026,8
6718,0,318067,7
6718,0,313057,6
6718,1,318068,5
6718,1,313058,5
6719,0,318070,4
6719,0,313059,4
6719,0,313060,3
6719,0,318069,3
6719,1,314722,4
6719,1,318071,4
6719,1,318072,1
6719,1,313061,1
6720,0,318073,16
6720,0,313062,15
6720,1,318074,14
6720,1,313063,14
6721,0,318075,11
6721,0,313064,11
6721,1,318076,9
6721,1,313065,9
6722,0,318077,185
6722,0,313066,184
6722,1,318078,179
6722,1,313068,179
6722,1,313067,10
6722,1,318079,10
6723,0,318080,126
6723,0,313069,126
6723,1,313070,80
6723,1,318082,80
6723,1,318081,44
6723,1,313071,44
6724,0,313074,126
6724,0,318084,96
6724,0,318083,92
6724,0,313073,62
6724,0,313072,8
6724,0,318085,8
6724,1,318088,107
6724,1,313077,94
6724,1,313076,74
6724,1,318087,61
6724,1,313078,15
6724,1,318086,15
6725,0,318093,62
6725,0,313079,62
6725,0,313081,36
6725,0,318091,36
6725,0,318090,8
6725,0,313082,8
6725,1,318096,58
6725,1,313084,58
6725,1,318094,44
6725,1,313086,44
6725,1,313085,7
6725,1,318095,7
6725,1,313083,2
6725,1,318097,2
6726,0,318098,43
6726,0,313091,43
6726,0,318100,35
6726,0,313089,35
6726,0,318099,7
6726,0,313090,7
6726,0,313088,5
6726,0,318101,5
6726,0,318102,1
6726,0,313087,1
6726,1,313094,41
6726,1,318106,41
6726,1,313097,37
6726,1,318103,37
6726,1,313096,7
6726,1,318104,7
6726,1,318105,6
6726,1,313095,6
6726,1,318108,1
6726,1,313092,1
6727,0,318112,93
6727,0,313106,92
6727,0,313105,14
6727,0,318113,14
6727,0,318116,7
6727,0,313102,7
6727,1,313115,48
6727,1,318119,48
6727,1,313116,44
6727,1,318118,44
6727,1,318121,12
6727,1,313113,12
6727,1,313107,4
6727,1,318127,4
6727,1,313114,3
6727,1,318120,3
6727,1,313109,2
6727,1,318125,2
6727,1,313108,1
6727,1,313110,1
6727,1,318124,1
6727,1,318126,1
6728,0,313126,199
6728,0,318137,199
6728,0,313125,54
6728,0,318138,54
6728,0,313127,3
6728,0,313128,3
6728,0,318136,3
6728,0,318135,3
6728,1,313131,195
6728,1,318139,195
6728,1,318140,52
6728,1,313130,51
6728,1,318141,10
6728,1,313129,10
6730,0,318164,164
6730,0,313155,163
6730,1,318165,162
6730,1,313158,162
6737,0,318170,151
6737,0,313160,148
6737,0,318168,2
6737,0,313162,2
6737,1,318172,152
6737,1,313164,149
6737,1,313163,2
6737,1,318173,2
6738,0,317228,241
6738,0,318174,241
6738,1,318177,237
6738,1,317229,237
6738,1,313168,6
6738,1,318178,6
6739,0,318192,10
6739,0,313178,8
6739,0,318190,3
6739,0,313180,3
6739,0,313179,1
6739,0,318191,1
6739,1,318196,6
6739,1,313182,6
6739,1,313184,4
6739,1,318194,4
6739,1,318193,1
6739,1,318195,1
6739,1,313183,1
6739,1,313185,1
6741,0,313221,152
6741,0,318226,152
6741,0,313219,12
6741,0,318228,12
6741,0,318229,5
6741,0,313220,5
6741,0,313217,5
6741,0,318227,5
6741,0,313218,5
6741,0,318230,5
6741,0,318231,1
6741,0,313216,1
6741,1,313225,133
6741,1,318235,133
6741,1,318237,18
6741,1,313223,18
6741,1,318233,4
6741,1,313224,4
6741,1,318236,4
6741,1,313227,4
6741,1,313222,3
6741,1,318238,3
6741,1,318234,1
6741,1,313226,1
6742,0,313228,8
6742,0,318239,8
6742,1,313229,10
6742,1,318240,10
6743,0,313231,7
6743,0,318242,7
6743,0,313232,5
6743,0,318241,5
6743,0,313230,1
6743,0,318243,1
6743,1,313233,7
6743,1,318245,7
6743,1,313234,6
6743,1,318244,6
6744,0,318247,7
6744,0,313235,7
6744,0,318246,5
6744,0,313236,5
6744,1,313238,7
6744,1,318248,7
6744,1,313237,5
6744,1,318249,5
6745,0,313239,6
6745,0,318250,6
6745,1,318251,6
6745,1,313240,6
6746,0,313241,6
6746,0,318252,6
6746,1,313242,6
6746,1,318253,6
6747,0,318266,133
6747,0,313255,133
6747,1,313256,132
6747,1,318267,132
6748,0,313261,72
6748,0,318273,72
6748,0,318272,39
6748,0,313262,39
6748,0,313257,12
6748,0,313260,12
6748,0,318274,12
6748,0,318277,12
6748,0,318268,11
6748,0,313266,11
6748,0,318275,11
6748,0,313259,11
6748,0,318271,10
6748,0,313263,10
6748,0,313258,7
6748,0,318276,7
6748,0,318269,1
6748,0,313265,1
6748,1,318280,72
6748,1,313268,72
6748,1,318281,62
6748,1,313267,62
6748,1,318278,11
6748,1,313270,11
6748,1,313269,10
6748,1,318279,10
6749,0,318283,135
6749,0,313275,134
6749,0,313274,68
6749,0,318284,68
6749,0,318286,4
6749,0,313272,4
6749,0,313271,1
6749,0,313276,1
6749,0,318287,1
6749,0,313273,1
6749,0,318282,1
6749,0,318285,1
6749,1,318289,135
6749,1,313279,134
6749,1,318288,71
6749,1,313281,70
6749,1,313277,4
6749,1,318291,4
6749,1,313278,1
6749,1,318290,1
6754,0,313336,1
6754,0,318347,1
6754,1,313337,1
6754,1,318348,1
6761,1,313344,1
6761,1,318356,1
6762,0,318357,1
6762,0,313345,1
6762,1,318358,1
6762,1,313346,1
6770,0,318416,7
6770,0,313404,5
6770,1,318417,7
6770,1,313405,5
6771,0,318418,242
6771,0,313406,206
6771,1,318419,242
6771,1,313407,206
6776,0,312603,52
6776,0,317603,52
6776,1,312604,52
6776,1,317604,52
6777,0,312892,19
6777,0,317891,19
6777,0,317892,3
6777,0,312891,3
6777,1,312894,16
6777,1,317893,16
6777,1,317894,6
6777,1,312893,6
6778,0,317895,23
6778,0,312896,23
6778,1,317897,21
6778,1,312898,21
6779,0,317887,61
6779,0,312888,41
6779,0,312887,1
6779,1,317890,61
6779,1,312889,41
6779,1,312890,1
6780,0,317765,98
6780,0,312765,98
6780,1,312766,90
6780,1,317767,90
6780,1,312767,10
6780,1,317766,10
6790,0,317545,202
6790,0,312545,202
6790,1,317546,202
6790,1,312546,202
6796,0,317553,102
6796,0,312553,102
6796,1,312554,102
6796,1,317554,102
6799,0,313299,50
6799,0,318309,50
6799,0,313300,2
6799,0,318308,2
6799,0,313298,1
6799,0,318310,1
6799,1,313301,50
6799,1,318311,50
6800,0,318313,49
6800,0,313302,49
6800,0,318312,1
6800,0,313303,1
6800,1,313304,52
6800,1,318314,52
6804,0,313320,11
6804,0,318329,11
6804,0,313319,2
6804,0,318330,2
6804,1,318332,10
6804,1,313322,10
6804,1,318331,2
6804,1,313323,2
6804,1,318333,1
6804,1,313321,1
6805,0,318335,8
6805,0,313324,8
6805,0,313325,5
6805,0,318334,5
6805,1,313330,6
6805,1,318336,6
6805,1,313329,5
6805,1,318337,5
6805,1,318340,2
6805,1,313326,2
6805,1,318338,1
6805,1,313328,1
6806,0,317634,119
6806,0,312634,119
6806,1,312635,118
6806,1,317635,118
6811,0,312630,94
6811,0,317630,94
6811,1,312631,94
6811,1,317631,94
6814,0,318209,92
6814,0,313200,92
6814,1,318212,92
6814,1,313203,92
6815,0,313206,52
6815,0,318215,52
6815,1,313207,46
6815,1,318218,46
6816,0,318220,38
6816,0,313208,38
6816,1,313210,38
6816,1,318221,38
6817,0,312632,134
6817,0,317632,134
6817,1,317633,136
6817,1,312633,135
6818,0,313042,87
6818,0,318052,87
6818,1,318053,85
6818,1,313043,85
6819,0,318058,161
6819,0,313046,161
6819,0,313048,15
6819,0,318056,15
6819,0,318057,2
6819,0,313047,2
6819,1,318061,163
6819,1,313049,163
6819,1,318059,16
6819,1,313051,16
6819,1,313050,2
6819,1,318060,2
6821,0,312956,198
6821,0,317957,198
6821,1,312957,199
6821,1,317958,199
6822,0,317903,96
6822,0,312905,96
6822,0,317904,8
6822,0,312904,8
6822,0,317905,1
6822,0,312903,1
6822,1,312907,95
6822,1,317906,95
6822,1,312906,9
6822,1,317907,9
6823,0,313247,60
6823,0,318258,60
6823,1,318259,60
6823,1,313248,60
6825,0,318260,37
6825,0,313250,37
6825,0,313249,21
6825,0,318261,21
6825,1,313252,37
6825,1,318262,37
6825,1,318263,21
6825,1,313251,21
6827,0,318143,34
6827,0,313133,34
6827,0,313134,23
6827,0,318142,23
6827,1,318144,35
6827,1,313136,34
6827,1,313135,23
6827,1,318145,23
6828,0,313140,45
6828,0,318146,45
6828,0,313137,6
6828,0,318149,6
6828,0,318147,3
6828,0,313139,2
6828,0,313138,1
6828,0,318148,1
6828,1,313141,55
6828,1,318152,55
6828,1,318150,1
6828,1,313143,1
6829,0,313148,14
6829,0,318157,14
6829,1,313149,14
6829,1,318158,14
6830,0,318422,18
6830,0,313409,18
6830,0,318420,2
6830,0,313411,2
6830,1,318425,18
6830,1,313412,18
6831,0,313414,9
6831,0,318426,9
6831,1,318427,9
6831,1,313415,9
6833,0,318428,10
6833,0,313416,10
6833,1,318429,11
6833,1,313417,11
6834,0,313419,40
6834,0,318430,40
6834,0,313418,7
6834,0,318431,7
6834,1,313420,10
6834,1,318432,10
6835,0,318433,19
6835,0,313421,19
6835,1,318434,19
6835,1,313422,19
6836,0,313423,9
6836,0,318435,9
6836,1,318436,9
6836,1,313424,9
6837,0,313427,25
6837,0,318438,25
6837,0,318439,4
6837,0,313426,4
6837,0,318437,2
6837,0,313428,2
6837,0,318440,1
6837,0,313425,1
6837,1,318442,6
6837,1,313431,6
6837,1,313429,5
6837,1,318444,5
6837,1,313432,4
6837,1,318441,4
6837,1,318443,2
6837,1,313430,2
6838,0,318445,23
6838,0,313433,23
6838,1,318446,27
6838,1,313434,27
6840,0,318447,19
6840,0,313435,19
6840,1,318448,17
6840,1,313436,17
6841,0,313437,37
6841,0,318450,37
6841,0,313438,4
6841,0,318449,4
6841,1,313439,35
6841,1,318451,35
6843,0,318256,36
6843,0,313245,36
6843,1,313246,36
6843,1,318257,36
6844,0,313253,38
6844,0,318264,38
6844,1,313254,38
6844,1,318265,38
7224,0,313331,39
7224,0,318342,39
7224,0,318341,6
7224,0,313332,5
7224,1,318344,42
7224,1,313333,41
7224,1,314711,2
7224,1,318343,2
7321,0,313052,114
7321,0,318062,114
7321,1,318063,117
7321,1,313053,117
7322,0,317605,52
7322,0,312605,52
7322,1,317606,52
7322,1,312606,52
7509,0,317636,91
7509,0,312636,34
7509,1,317637,91
7509,1,312637,34
8286,0,313039,45
8286,0,318048,45
8286,1,318050,49
8286,1,313041,49
8289,1,318354,2
8289,1,313342,2
8290,0,313004,102
8290,0,318009,101
8290,0,318010,4
8290,0,313003,3
8290,0,313002,1
8290,0,318011,1
8290,1,314719,99
8290,1,318013,97
8290,1,318015,12
8290,1,313005,10
8290,1,314720,1
8290,1,318012,1
9745,0,313150,28
9745,0,318160,28
9745,0,313151,2
9745,0,318159,2
9745,1,318162,26
9745,1,313153,25
9745,1,313152,3
9745,1,318163,3
9745,1,313154,2
9745,1,318161,2
HD,0,4484,2
