shape_id,shape_points,first_sequence,last_sequence,min_shape_distance,max_shape_distance,shape_length_km
318417,1812,1,1812,0.0,67.9316,67.93
318416,1812,1,1812,0.0,67.9316,67.93
313404,1812,1,1812,0.0,67.9316,67.93
313405,1812,1,1812,0.0,67.9316,67.93
313024,466,1,466,0.0,45.7724,45.77
318034,466,1,466,0.0,45.7724,45.77
313277,563,1,563,0.0,45.342,45.34
318291,563,1,563,0.0,45.342,45.34
313026,409,1,409,0.0,45.1465,45.15
318035,409,1,409,0.0,45.1465,45.15
318286,563,1,563,0.0,44.8367,44.84
313272,563,1,563,0.0,44.8367,44.84
318032,401,1,401,0.0,43.9097,43.91
313022,401,1,401,0.0,43.9097,43.91
313023,342,1,342,0.0,43.2723,43.27
318033,342,1,342,0.0,43.2723,43.27
318282,508,1,508,0.0,39.9894,39.99
313276,508,1,508,0.0,39.9894,39.99
313019,375,1,375,0.0,38.9646,38.96
313018,375,1,375,0.0,38.9646,38.96
318029,375,1,375,0.0,38.9646,38.96
318028,375,1,375,0.0,38.9646,38.96
313020,305,1,305,0.0,37.4192,37.42
318030,305,1,305,0.0,37.4192,37.42
313021,305,1,305,0.0,37.4192,37.42
318031,305,1,305,0.0,37.4192,37.42
313175,421,1,421,0.0,36.5733,36.57
318186,421,1,421,0.0,36.5733,36.57
318450,601,1,601,0.0,35.4722,35.47
313437,601,1,601,0.0,35.4722,35.47
318064,551,1,551,0.0,34.4855,34.49
313054,551,1,551,0.0,34.4855,34.49
318451,584,1,584,0.0,33.826,33.83
313439,584,1,584,0.0,33.826,33.83
313171,349,1,349,0.0,33.8112,33.81
318181,349,1,349,0.0,33.8112,33.81
318065,507,1,507,0.0,33.3823,33.38
313056,507,1,507,0.0,33.3823,33.38
317940,468,1,468,0.0,30.9805,30.98
312947,468,1,468,0.0,30.9805,30.98
318227,363,1,363,0.0,30.6326,30.63
313220,363,1,363,0.0,30.6326,30.63
318228,376,1,376,0.0,30.4027,30.4
313221,376,1,376,0.0,30.4027,30.4
313219,376,1,376,0.0,30.4027,30.4
318226,376,1,376,0.0,30.4027,30.4
318237,346,1,346,0.0,29.9842,29.98
313225,346,1,346,0.0,29.9842,29.98
313223,346,1,346,0.0,29.9842,29.98
318235,346,1,346,0.0,29.9842,29.98
318432,524,1,524,0.0,29.9603,29.96
313420,524,1,524,0.0,29.9603,29.96
312948,451,1,451,0.0,29.9506,29.95
317956,451,1,451,0.0,29.9506,29.95
312953,490,1,490,0.0,29.8647,29.86
317951,490,1,490,0.0,29.8647,29.86
318236,331,1,331,0.0,29.795,29.8
313224,331,1,331,0.0,29.795,29.8
317901,401,1,401,0.0,29.6955,29.7
312901,401,1,401,0.0,29.6955,29.7
313419,518,1,518,0.0,29.6186,29.62
318430,518,1,518,0.0,29.6186,29.62
317902,385,1,385,0.0,29.3919,29.39
312902,385,1,385,0.0,29.3919,29.39
312909,255,1,255,0.0,29.1678,29.17
317909,255,1,255,0.0,29.1678,29.17
318390,695,1,695,0.0,29.1298,29.13
313375,695,1,695,0.0,29.1298,29.13
313393,695,1,695,0.0,29.1298,29.13
318408,695,1,695,0.0,29.1298,29.13
317908,269,1,269,0.0,29.0351,29.04
312908,269,1,269,0.0,29.0351,29.04
318241,349,1,349,0.0,28.4192,28.42
313232,349,1,349,0.0,28.4192,28.42
318359,310,1,310,0.0,28.3697,28.37
318409,757,1,757,0.0,28.3675,28.37
313392,757,1,757,0.0,28.3675,28.37
318266,310,1,310,0.0,28.3697,28.37
313255,310,1,310,0.0,28.3697,28.37
313374,757,1,757,0.0,28.3675,28.37
318391,757,1,757,0.0,28.3675,28.37
313162,512,1,512,0.0,27.9189,27.92
318168,512,1,512,0.0,27.9189,27.92
317945,384,1,384,0.0,27.7355,27.74
312942,384,1,384,0.0,27.7355,27.74
318360,258,1,258,0.0,27.5202,27.52
318249,280,1,280,0.0,27.5145,27.51
318396,625,1,625,0.0,27.5063,27.51
313369,625,1,625,0.0,27.5063,27.51
313237,280,1,280,0.0,27.5145,27.51
318402,723,1,723,0.0,27.4779,27.48
313399,723,1,723,0.0,27.4779,27.48
318267,252,1,252,0.0,27.307,27.31
313256,252,1,252,0.0,27.307,27.31
318344,439,1,439,0.0,27.2905,27.29
313333,439,1,439,0.0,27.2905,27.29
318173,417,1,417,0.0,27.0163,27.02
313163,417,1,417,0.0,27.0163,27.02
313331,443,1,443,0.0,26.9725,26.97
318342,443,1,443,0.0,26.9725,26.97
313160,495,1,495,0.0,26.9253,26.93
318170,495,1,495,0.0,26.9253,26.93
312944,372,1,372,0.0,26.4945,26.49
317943,372,1,372,0.0,26.4945,26.49
317946,372,1,372,0.0,26.4945,26.49
312941,372,1,372,0.0,26.4945,26.49
318246,285,1,285,0.0,26.3964,26.4
313236,285,1,285,0.0,26.3964,26.4
312943,369,1,369,0.0,26.3933,26.39
317944,369,1,369,0.0,26.3933,26.39
318239,319,1,319,0.0,26.3202,26.32
313228,319,1,319,0.0,26.3202,26.32
312666,460,1,460,0.0,26.2355,26.24
317668,460,1,460,0.0,26.2355,26.24
312951,380,1,380,0.0,26.0515,26.05
317953,380,1,380,0.0,26.0515,26.05
312669,514,1,514,0.0,26.0212,26.02
317669,514,1,514,0.0,26.0212,26.02
313164,399,1,399,0.0,26.0045,26.0
318172,399,1,399,0.0,26.0045,26.0
313229,254,1,254,0.0,25.9152,25.92
318240,254,1,254,0.0,25.9152,25.92
313273,374,1,374,0.0,25.6306,25.63
318285,374,1,374,0.0,25.6306,25.63
318372,545,1,545,0.0,25.5276,25.53
313364,545,1,545,0.0,25.5276,25.53
318425,472,1,472,0.0,25.5324,25.53
313360,545,1,545,0.0,25.5276,25.53
313412,472,1,472,0.0,25.5324,25.53
318230,295,1,295,0.0,25.5323,25.53
318378,545,1,545,0.0,25.5276,25.53
313217,295,1,295,0.0,25.5323,25.53
318244,218,1,218,0.0,25.4846,25.48
313234,218,1,218,0.0,25.4846,25.48
317955,384,1,384,0.0,25.4735,25.47
312949,384,1,384,0.0,25.4735,25.47
313402,591,1,591,0.0,25.3355,25.34
313382,591,1,591,0.0,25.3355,25.34
318383,591,1,591,0.0,25.3355,25.34
318399,591,1,591,0.0,25.3355,25.34
318283,355,1,355,0.0,25.2507,25.25
313275,355,1,355,0.0,25.2507,25.25
313185,352,1,352,0.0,25.1655,25.17
318193,352,1,352,0.0,25.1655,25.17
313178,351,1,351,0.0,25.0799,25.08
318192,351,1,351,0.0,25.0799,25.08
318272,388,1,388,0.0,25.0694,25.07
313260,388,1,388,0.0,25.0694,25.07
318274,388,1,388,0.0,25.0694,25.07
313266,388,1,388,0.0,25.0694,25.07
313262,388,1,388,0.0,25.0694,25.07
318268,388,1,388,0.0,25.0694,25.07
312938,311,1,311,0.0,24.9169,24.92
318281,384,1,384,0.0,24.9214,24.92
317936,311,1,311,0.0,24.9169,24.92
313267,384,1,384,0.0,24.9214,24.92
317934,285,1,285,0.0,24.8653,24.87
312934,285,1,285,0.0,24.8653,24.87
318196,347,1,347,0.0,24.6916,24.69
313182,347,1,347,0.0,24.6916,24.69
318126,335,1,335,0.0,24.678,24.68
313108,335,1,335,0.0,24.678,24.68
318238,261,1,261,0.0,24.6065,24.61
313222,261,1,261,0.0,24.6065,24.61
312937,306,1,306,0.0,24.542,24.54
317937,306,1,306,0.0,24.542,24.54
313096,303,1,303,0.0,24.2996,24.3
318104,303,1,303,0.0,24.2996,24.3
318127,336,1,336,0.0,24.2565,24.26
313107,336,1,336,0.0,24.2565,24.26
317947,320,1,320,0.0,24.2384,24.24
312940,320,1,320,0.0,24.2384,24.24
313102,311,1,311,0.0,24.1383,24.14
318116,311,1,311,0.0,24.1383,24.14
313409,435,1,435,0.0,24.1192,24.12
318422,435,1,435,0.0,24.1192,24.12
317457,403,1,403,0.0,24.0904,24.09
312455,403,1,403,0.0,24.0904,24.09
318289,354,1,354,0.0,24.06,24.06
313279,354,1,354,0.0,24.06,24.06
313390,609,1,609,0.0,24.0493,24.05
318411,609,1,609,0.0,24.0493,24.05
313261,375,1,375,0.0,23.9726,23.97
318273,375,1,375,0.0,23.9726,23.97
317907,275,1,275,0.0,23.8183,23.82
312906,275,1,275,0.0,23.8183,23.82
313268,372,1,372,0.0,23.783,23.78
318280,372,1,372,0.0,23.783,23.78
317839,456,1,456,0.0,23.6909,23.69
312837,456,1,456,0.0,23.6909,23.69
318063,247,1,247,0.0,23.68,23.68
312851,476,1,476,0.0,23.6816,23.68
317845,476,1,476,0.0,23.6816,23.68
313053,247,1,247,0.0,23.68,23.68
313088,268,1,268,0.0,23.5656,23.57
318101,268,1,268,0.0,23.5656,23.57
318201,267,1,267,0.0,23.5421,23.54
313189,267,1,267,0.0,23.5421,23.54
317452,400,1,400,0.0,23.517,23.52
312450,400,1,400,0.0,23.517,23.52
318140,325,1,325,0.0,23.3378,23.34
313130,325,1,325,0.0,23.3378,23.34
313190,260,1,260,0.0,23.1402,23.14
318200,260,1,260,0.0,23.1402,23.14
313329,310,1,310,0.0,23.0508,23.05
318337,310,1,310,0.0,23.0508,23.05
313188,244,1,244,0.0,22.9922,22.99
317942,307,1,307,0.0,22.9898,22.99
312945,307,1,307,0.0,22.9898,22.99
318197,244,1,244,0.0,22.9922,22.99
317904,260,1,260,0.0,22.7521,22.75
312904,260,1,260,0.0,22.7521,22.75
312939,306,1,306,0.0,22.5228,22.52
317948,306,1,306,0.0,22.5228,22.52
317359,348,1,348,0.0,22.3809,22.38
317358,347,1,347,0.0,22.2968,22.3
313097,280,1,280,0.0,22.2925,22.29
318202,399,1,399,0.0,22.2892,22.29
318103,280,1,280,0.0,22.2925,22.29
313191,399,1,399,0.0,22.2892,22.29
318138,268,1,268,0.0,22.279,22.28
313125,268,1,268,0.0,22.279,22.28
318139,301,1,301,0.0,22.2389,22.24
313203,389,1,389,0.0,22.2368,22.24
318212,389,1,389,0.0,22.2368,22.24
313131,301,1,301,0.0,22.2389,22.24
312886,362,1,362,0.0,22.2281,22.23
317886,362,1,362,0.0,22.2281,22.23
318333,371,1,371,0.0,22.1962,22.2
313321,371,1,371,0.0,22.1962,22.2
312507,390,1,390,0.0,22.185,22.19
317503,390,1,390,0.0,22.185,22.19
317906,248,1,248,0.0,22.0964,22.1
312907,248,1,248,0.0,22.0964,22.1
313192,407,1,407,0.0,22.0532,22.05
318203,407,1,407,0.0,22.0532,22.05
313037,221,1,221,0.0,22.0032,22.0
312369,344,1,344,0.0,21.9997,22.0
312373,343,1,343,0.0,22.0036,22.0
318047,221,1,221,0.0,22.0032,22.0
313063,338,1,338,0.0,21.9176,21.92
312374,342,1,342,0.0,21.9195,21.92
318074,338,1,338,0.0,21.9176,21.92
317362,343,1,343,0.0,21.9157,21.92
312370,343,1,343,0.0,21.9157,21.92
318541,343,1,343,0.0,21.9157,21.92
318376,486,1,486,0.0,21.9019,21.9
313366,486,1,486,0.0,21.9019,21.9
318062,235,1,235,0.0,21.8966,21.9
313052,235,1,235,0.0,21.8966,21.9
312388,347,1,347,0.0,21.8868,21.89
313114,301,1,301,0.0,21.8867,21.89
318120,301,1,301,0.0,21.8867,21.89
318544,347,1,347,0.0,21.8868,21.89
317383,347,1,347,0.0,21.8868,21.89
317662,458,1,458,0.0,21.821,21.82
312659,458,1,458,0.0,21.821,21.82
317885,330,1,330,0.0,21.8232,21.82
312885,330,1,330,0.0,21.8232,21.82
317871,406,1,406,0.0,21.7746,21.77
312870,406,1,406,0.0,21.7746,21.77
312389,349,1,349,0.0,21.7613,21.76
318018,249,1,249,0.0,21.7448,21.74
314721,249,1,249,0.0,21.7448,21.74
313089,243,1,243,0.0,21.5814,21.58
313418,359,1,359,0.0,21.5786,21.58
318100,243,1,243,0.0,21.5814,21.58
318431,359,1,359,0.0,21.5786,21.58
312952,312,1,312,0.0,21.5385,21.54
317952,312,1,312,0.0,21.5385,21.54
318105,256,1,256,0.0,21.504,21.5
313095,256,1,256,0.0,21.504,21.5
318137,275,1,275,0.0,21.4819,21.48
313126,275,1,275,0.0,21.4819,21.48
313113,302,1,302,0.0,21.4653,21.47
318121,302,1,302,0.0,21.4653,21.47
318076,282,1,282,0.0,21.4176,21.42
313065,282,1,282,0.0,21.4176,21.42
318019,243,1,243,0.0,21.3473,21.35
313009,243,1,243,0.0,21.3473,21.35
313105,279,1,279,0.0,21.3427,21.34
318113,279,1,279,0.0,21.3427,21.34
313200,340,1,340,0.0,21.3235,21.32
318209,340,1,340,0.0,21.3235,21.32
313036,228,1,228,0.0,21.223,21.22
318046,228,1,228,0.0,21.223,21.22
313010,249,1,249,0.0,21.2113,21.21
318022,249,1,249,0.0,21.2113,21.21
313180,346,1,346,0.0,21.146,21.15
318190,346,1,346,0.0,21.146,21.15
312498,357,1,357,0.0,21.1273,21.13
317500,357,1,357,0.0,21.1273,21.13
318335,260,1,260,0.0,21.0393,21.04
313324,260,1,260,0.0,21.0393,21.04
312749,388,1,388,0.0,21.0427,21.04
317751,388,1,388,0.0,21.0427,21.04
312905,233,1,233,0.0,21.0302,21.03
317903,233,1,233,0.0,21.0302,21.03
312746,414,1,414,0.0,20.9677,20.97
317743,414,1,414,0.0,20.9677,20.97
317905,228,1,228,0.0,20.8697,20.87
312903,228,1,228,0.0,20.8697,20.87
313008,183,1,183,0.0,20.8535,20.85
318016,183,1,183,0.0,20.8535,20.85
318099,219,1,219,0.0,20.793,20.79
313090,219,1,219,0.0,20.793,20.79
318194,331,1,331,0.0,20.6518,20.65
313064,256,1,256,0.0,20.6538,20.65
313184,331,1,331,0.0,20.6518,20.65
318075,256,1,256,0.0,20.6538,20.65
318017,180,1,180,0.0,20.6388,20.64
313007,180,1,180,0.0,20.6388,20.64
312385,325,1,325,0.0,20.6162,20.62
312387,325,1,325,0.0,20.6162,20.62
317386,325,1,325,0.0,20.6162,20.62
317384,325,1,325,0.0,20.6162,20.62
318073,293,1,293,0.0,20.5645,20.56
313062,293,1,293,0.0,20.5645,20.56
317987,219,1,219,0.0,20.5642,20.56
314718,219,1,219,0.0,20.5642,20.56
312365,322,1,322,0.0,20.523,20.52
313257,327,1,327,0.0,20.5159,20.52
313258,327,1,327,0.0,20.5159,20.52
318276,327,1,327,0.0,20.5159,20.52
317367,322,1,322,0.0,20.523,20.52
317365,319,1,319,0.0,20.523,20.52
312367,319,1,319,0.0,20.523,20.52
318277,327,1,327,0.0,20.5159,20.52
312386,327,1,327,0.0,20.4906,20.49
317385,327,1,327,0.0,20.4906,20.49
317387,327,1,327,0.0,20.4906,20.49
312384,327,1,327,0.0,20.4906,20.49
317366,318,1,318,0.0,20.439,20.44
317364,318,1,318,0.0,20.439,20.44
312368,318,1,318,0.0,20.439,20.44
312366,318,1,318,0.0,20.439,20.44
317659,432,1,432,0.0,20.4248,20.42
312662,432,1,432,0.0,20.4248,20.42
318112,279,1,279,0.0,20.387,20.39
313106,279,1,279,0.0,20.387,20.39
312705,457,1,457,0.0,20.3642,20.36
317704,457,1,457,0.0,20.3642,20.36
318180,228,1,228,0.0,20.326,20.33
313172,228,1,228,0.0,20.326,20.33
312747,385,1,385,0.0,20.2076,20.21
317742,385,1,385,0.0,20.2076,20.21
318024,210,1,210,0.0,20.1689,20.17
313013,210,1,210,0.0,20.1689,20.17
317663,418,1,418,0.0,20.1524,20.15
312665,418,1,418,0.0,20.1524,20.15
317863,424,1,424,0.0,20.132,20.13
312867,424,1,424,0.0,20.132,20.13
317701,438,1,438,0.0,20.0965,20.1
312700,438,1,438,0.0,20.0965,20.1
317706,428,1,428,0.0,19.9166,19.92
313322,318,1,318,0.0,19.9245,19.92
312707,428,1,428,0.0,19.9166,19.92
318332,318,1,318,0.0,19.9245,19.92
317459,315,1,315,0.0,19.9014,19.9
312453,315,1,315,0.0,19.9014,19.9
318118,273,1,273,0.0,19.8575,19.86
313116,273,1,273,0.0,19.8575,19.86
318331,317,1,317,0.0,19.8415,19.84
313323,317,1,317,0.0,19.8415,19.84
313014,203,1,203,0.0,19.7669,19.77
318023,203,1,203,0.0,19.7669,19.77
312888,383,1,383,0.0,19.7615,19.76
317887,383,1,383,0.0,19.7615,19.76
312625,436,1,436,0.0,19.7506,19.75
317626,436,1,436,0.0,19.7506,19.75
313176,241,1,241,0.0,19.7334,19.73
318185,241,1,241,0.0,19.7334,19.73
317661,417,1,417,0.0,19.6605,19.66
312660,417,1,417,0.0,19.6605,19.66
318106,235,1,235,0.0,19.5333,19.53
313094,235,1,235,0.0,19.5333,19.53
318336,225,1,225,0.0,19.4784,19.48
313330,225,1,225,0.0,19.4784,19.48
318119,274,1,274,0.0,19.436,19.44
313115,274,1,274,0.0,19.436,19.44
317890,382,1,382,0.0,19.4208,19.42
312889,382,1,382,0.0,19.4208,19.42
312663,403,1,403,0.0,19.388,19.39
317665,403,1,403,0.0,19.388,19.39
318340,222,1,222,0.0,19.3656,19.37
313326,222,1,222,0.0,19.3656,19.37
318465,303,1,303,0.0,19.3551,19.36
313453,303,1,303,0.0,19.3551,19.36
318531,339,1,339,0.0,19.3495,19.35
318529,339,1,339,0.0,19.3495,19.35
318517,339,1,339,0.0,19.3495,19.35
318519,339,1,339,0.0,19.3495,19.35
313155,297,1,297,0.0,19.3438,19.34
318164,297,1,297,0.0,19.3438,19.34
318532,337,1,337,0.0,19.3304,19.33
318520,337,1,337,0.0,19.3304,19.33
318547,337,1,337,0.0,19.3304,19.33
317278,344,1,344,0.0,19.2396,19.24
312271,344,1,344,0.0,19.2396,19.24
317269,344,1,344,0.0,19.2396,19.24
318288,307,1,307,0.0,19.2417,19.24
313011,219,1,219,0.0,19.2393,19.24
312263,344,1,344,0.0,19.2396,19.24
317270,344,1,344,0.0,19.2396,19.24
313281,307,1,307,0.0,19.2417,19.24
318021,219,1,219,0.0,19.2393,19.24
318514,338,1,338,0.0,19.2102,19.21
318528,338,1,338,0.0,19.2102,19.21
318533,338,1,338,0.0,19.2102,19.21
318523,338,1,338,0.0,19.2102,19.21
318516,338,1,338,0.0,19.2102,19.21
318521,338,1,338,0.0,19.2102,19.21
318530,338,1,338,0.0,19.2102,19.21
318284,289,1,289,0.0,19.189,19.19
312985,223,1,223,0.0,19.1938,19.19
317998,223,1,223,0.0,19.1938,19.19
313274,289,1,289,0.0,19.189,19.19
313452,280,1,280,0.0,19.1416,19.14
318464,280,1,280,0.0,19.1416,19.14
317271,343,1,343,0.0,19.1003,19.1
317279,343,1,343,0.0,19.1003,19.1
312262,343,1,343,0.0,19.1003,19.1
312273,343,1,343,0.0,19.1003,19.1
312270,343,1,343,0.0,19.1003,19.1
312259,354,1,354,0.0,19.0772,19.08
312261,354,1,354,0.0,19.0772,19.08
317262,354,1,354,0.0,19.0772,19.08
317264,354,1,354,0.0,19.0772,19.08
317266,355,1,355,0.0,18.9947,18.99
317263,355,1,355,0.0,18.9947,18.99
312260,355,1,355,0.0,18.9947,18.99
312257,355,1,355,0.0,18.9947,18.99
314717,202,1,202,0.0,18.9591,18.96
317988,202,1,202,0.0,18.9591,18.96
313212,333,1,333,0.0,18.8627,18.86
318222,333,1,333,0.0,18.8627,18.86
317997,218,1,218,0.0,18.8498,18.85
312986,218,1,218,0.0,18.8498,18.85
312991,214,1,214,0.0,18.8537,18.85
317992,214,1,214,0.0,18.8537,18.85
317954,279,1,279,0.0,18.8009,18.8
318098,197,1,197,0.0,18.8041,18.8
312950,279,1,279,0.0,18.8009,18.8
318174,216,1,216,0.0,18.795,18.8
317228,216,1,216,0.0,18.795,18.8
313091,197,1,197,0.0,18.8041,18.8
312623,390,1,390,0.0,18.7666,18.77
317623,390,1,390,0.0,18.7666,18.77
313174,205,1,205,0.0,18.7055,18.71
318187,205,1,205,0.0,18.7055,18.71
317989,214,1,214,0.0,18.5585,18.56
312984,214,1,214,0.0,18.5585,18.56
312332,267,1,267,0.0,18.5504,18.55
318348,221,1,221,0.0,18.5355,18.54
313337,221,1,221,0.0,18.5355,18.54
318540,254,1,254,0.0,18.5319,18.53
317994,209,1,209,0.0,18.5097,18.51
312989,209,1,209,0.0,18.5097,18.51
313427,311,1,311,0.0,18.5014,18.5
318438,311,1,311,0.0,18.5014,18.5
312725,368,1,368,0.0,18.4884,18.49
317731,368,1,368,0.0,18.4884,18.49
312736,368,1,368,0.0,18.4884,18.49
317725,368,1,368,0.0,18.4884,18.49
318537,265,1,265,0.0,18.451,18.45
313169,202,1,202,0.0,18.4416,18.44
318183,202,1,202,0.0,18.4416,18.44
312704,415,1,415,0.0,18.4072,18.41
317705,415,1,415,0.0,18.4072,18.41
312346,256,1,256,0.0,18.4064,18.41
318347,216,1,216,0.0,18.3971,18.4
313336,216,1,216,0.0,18.3971,18.4
318177,219,1,219,0.0,18.3782,18.38
317229,219,1,219,0.0,18.3782,18.38
313431,330,1,330,0.0,18.3455,18.35
318442,330,1,330,0.0,18.3455,18.35
318254,236,1,236,0.0,18.3389,18.34
313243,236,1,236,0.0,18.3389,18.34
318255,255,1,255,0.0,18.3202,18.32
313244,255,1,255,0.0,18.3202,18.32
318165,292,1,292,0.0,18.2987,18.3
313158,292,1,292,0.0,18.2987,18.3
313461,295,1,295,0.0,18.2584,18.26
313460,295,1,295,0.0,18.2584,18.26
318476,295,1,295,0.0,18.2584,18.26
318475,295,1,295,0.0,18.2584,18.26
313319,288,1,288,0.0,18.2296,18.23
318330,288,1,288,0.0,18.2296,18.23
318524,280,1,280,0.0,18.0704,18.07
318527,280,1,280,0.0,18.0704,18.07
317726,362,1,362,0.0,18.0499,18.05
312726,362,1,362,0.0,18.0499,18.05
317737,362,1,362,0.0,18.0499,18.05
317730,362,1,362,0.0,18.0499,18.05
312741,362,1,362,0.0,18.0499,18.05
312730,362,1,362,0.0,18.0499,18.05
313127,214,1,214,0.0,18.0209,18.02
318136,214,1,214,0.0,18.0209,18.02
312479,307,1,307,0.0,17.9782,17.98
317485,307,1,307,0.0,17.9782,17.98
318188,218,1,218,0.0,17.9568,17.96
312231,295,1,295,0.0,17.9568,17.96
313173,218,1,218,0.0,17.9568,17.96
317707,386,1,386,0.0,17.9595,17.96
312706,386,1,386,0.0,17.9595,17.96
312236,281,1,281,0.0,17.9501,17.95
312245,281,1,281,0.0,17.9501,17.95
313216,241,1,241,0.0,17.9429,17.94
313429,327,1,327,0.0,17.9397,17.94
318444,327,1,327,0.0,17.9397,17.94
318231,241,1,241,0.0,17.9429,17.94
318141,190,1,190,0.0,17.905,17.91
313129,190,1,190,0.0,17.905,17.91
318518,296,1,296,0.0,17.8742,17.87
317995,216,1,216,0.0,17.8559,17.86
312988,216,1,216,0.0,17.8559,17.86
313259,300,1,300,0.0,17.8303,17.83
318275,300,1,300,0.0,17.8303,17.83
312537,368,1,368,0.0,17.7708,17.77
317535,368,1,368,0.0,17.7708,17.77
318446,290,1,290,0.0,17.7742,17.77
313434,290,1,290,0.0,17.7742,17.77
312478,310,1,310,0.0,17.7513,17.75
317484,310,1,310,0.0,17.7513,17.75
313269,294,1,294,0.0,17.7463,17.75
318279,294,1,294,0.0,17.7463,17.75
313214,288,1,288,0.0,17.7437,17.74
318224,288,1,288,0.0,17.7437,17.74
318329,268,1,268,0.0,17.5833,17.58
313320,268,1,268,0.0,17.5833,17.58
313433,251,1,251,0.0,17.5657,17.57
318445,251,1,251,0.0,17.5657,17.57
312862,353,1,353,0.0,17.5563,17.56
317861,353,1,353,0.0,17.5563,17.56
318223,295,1,295,0.0,17.5212,17.52
317859,306,1,306,0.0,17.5217,17.52
313211,295,1,295,0.0,17.5212,17.52
312860,306,1,306,0.0,17.5217,17.52
313325,175,1,175,0.0,17.4669,17.47
318334,175,1,175,0.0,17.4669,17.47
317562,366,1,366,0.0,17.448,17.45
312564,366,1,366,0.0,17.448,17.45
317537,356,1,356,0.0,17.4326,17.43
312535,356,1,356,0.0,17.4326,17.43
318234,177,1,177,0.0,17.3737,17.37
313226,177,1,177,0.0,17.3737,17.37
313451,216,1,216,0.0,17.3117,17.31
318463,216,1,216,0.0,17.3117,17.31
318462,195,1,195,0.0,17.2966,17.3
313450,195,1,195,0.0,17.2966,17.3
312446,310,1,310,0.0,17.2583,17.26
317456,310,1,310,0.0,17.2583,17.26
312452,273,1,273,0.0,17.2636,17.26
317460,273,1,273,0.0,17.2636,17.26
313454,244,1,244,0.0,17.1931,17.19
313456,244,1,244,0.0,17.1931,17.19
318469,244,1,244,0.0,17.1931,17.19
318471,244,1,244,0.0,17.1931,17.19
312560,332,1,332,0.0,17.0583,17.06
317559,332,1,332,0.0,17.0583,17.06
312523,215,1,215,0.0,16.9675,16.97
318007,283,1,283,0.0,16.9727,16.97
317524,215,1,215,0.0,16.9675,16.97
313000,283,1,283,0.0,16.9727,16.97
312525,215,1,215,0.0,16.9675,16.97
317526,215,1,215,0.0,16.9675,16.97
317529,227,1,227,0.0,16.9548,16.95
312529,227,1,227,0.0,16.9548,16.95
312760,360,1,360,0.0,16.9212,16.92
317758,360,1,360,0.0,16.9212,16.92
312538,361,1,361,0.0,16.8809,16.88
317534,361,1,361,0.0,16.8809,16.88
312449,272,1,272,0.0,16.8444,16.84
317453,272,1,272,0.0,16.8444,16.84
312829,320,1,320,0.0,16.7344,16.73
317828,320,1,320,0.0,16.7344,16.73
313263,287,1,287,0.0,16.7022,16.7
318269,287,1,287,0.0,16.7022,16.7
318271,287,1,287,0.0,16.7022,16.7
313265,287,1,287,0.0,16.7022,16.7
313425,286,1,286,0.0,16.6933,16.69
318440,286,1,286,0.0,16.6933,16.69
318278,281,1,281,0.0,16.6282,16.63
313270,281,1,281,0.0,16.6282,16.63
312536,349,1,349,0.0,16.5428,16.54
317536,349,1,349,0.0,16.5428,16.54
317829,318,1,318,0.0,16.4614,16.46
312828,318,1,318,0.0,16.4614,16.46
317846,346,1,346,0.0,16.4098,16.41
312850,346,1,346,0.0,16.4098,16.41
313213,260,1,260,0.0,16.276,16.28
318225,260,1,260,0.0,16.276,16.28
313422,307,1,307,0.0,16.2271,16.23
318434,307,1,307,0.0,16.2271,16.23
317827,301,1,301,0.0,16.1857,16.19
312827,301,1,301,0.0,16.1857,16.19
312333,236,1,236,0.0,16.1822,16.18
318538,237,1,237,0.0,16.1352,16.14
312664,337,1,337,0.0,16.1327,16.13
317664,337,1,337,0.0,16.1327,16.13
313391,345,1,345,0.0,16.0909,16.09
318410,345,1,345,0.0,16.0909,16.09
313383,345,1,345,0.0,16.0909,16.09
318382,345,1,345,0.0,16.0909,16.09
313001,241,1,241,0.0,16.0415,16.04
318008,241,1,241,0.0,16.0415,16.04
312878,287,1,287,0.0,16.0225,16.02
317876,287,1,287,0.0,16.0225,16.02
318191,179,1,179,0.0,15.9743,15.97
313179,179,1,179,0.0,15.9743,15.97
317762,311,1,311,0.0,15.9215,15.92
312763,311,1,311,0.0,15.9215,15.92
318433,292,1,292,0.0,15.907,15.91
313421,292,1,292,0.0,15.907,15.91
313170,151,1,151,0.0,15.8587,15.86
318182,151,1,151,0.0,15.8587,15.86
318229,186,1,186,0.0,15.7998,15.8
313218,186,1,186,0.0,15.7998,15.8
318508,206,1,206,0.0,15.7829,15.78
317891,346,1,346,0.0,15.5936,15.59
312892,346,1,346,0.0,15.5936,15.59
317573,260,1,260,0.0,15.5829,15.58
312573,260,1,260,0.0,15.5829,15.58
312572,261,1,261,0.0,15.5692,15.57
317574,261,1,261,0.0,15.5692,15.57
317874,259,1,259,0.0,15.5011,15.5
312875,259,1,259,0.0,15.5011,15.5
317958,202,1,202,0.0,15.4385,15.44
312957,202,1,202,0.0,15.4385,15.44
317809,269,1,269,0.0,15.3281,15.33
312813,269,1,269,0.0,15.3281,15.33
312234,257,1,257,0.0,15.3006,15.3
317533,287,1,287,0.0,15.2803,15.28
312531,287,1,287,0.0,15.2803,15.28
318525,235,1,235,0.0,15.249,15.25
318522,258,1,258,0.0,15.2181,15.22
312443,290,1,290,0.0,15.2074,15.21
317444,290,1,290,0.0,15.2074,15.21
312656,278,1,278,0.0,15.2091,15.21
317656,278,1,278,0.0,15.2091,15.21
312244,236,1,236,0.0,15.1288,15.13
312412,290,1,290,0.0,15.0733,15.07
312411,290,1,290,0.0,15.0733,15.07
317414,290,1,290,0.0,15.0733,15.07
318361,259,1,259,0.0,15.0675,15.07
317415,290,1,290,0.0,15.0733,15.07
313353,259,1,259,0.0,15.0675,15.07
312413,290,1,290,0.0,15.0733,15.07
317413,290,1,290,0.0,15.0733,15.07
313357,259,1,259,0.0,15.0675,15.07
318366,259,1,259,0.0,15.0675,15.07
317812,267,1,267,0.0,15.0552,15.06
312810,267,1,267,0.0,15.0552,15.06
317532,293,1,293,0.0,14.9701,14.97
317406,292,1,292,0.0,14.968,14.97
312403,292,1,292,0.0,14.968,14.97
312402,292,1,292,0.0,14.968,14.97
312532,293,1,293,0.0,14.9701,14.97
317410,292,1,292,0.0,14.968,14.97
317405,292,1,292,0.0,14.968,14.97
312398,292,1,292,0.0,14.968,14.97
313227,145,1,145,0.0,14.9135,14.91
318233,145,1,145,0.0,14.9135,14.91
317805,239,1,239,0.0,14.8243,14.82
312808,239,1,239,0.0,14.8243,14.82
313153,217,1,217,0.0,14.7971,14.8
318162,217,1,217,0.0,14.7971,14.8
317892,321,1,321,0.0,14.7687,14.77
312891,321,1,321,0.0,14.7687,14.77
317816,250,1,250,0.0,14.762,14.76
312817,250,1,250,0.0,14.762,14.76
317655,261,1,261,0.0,14.6866,14.69
312655,261,1,261,0.0,14.6866,14.69
317810,252,1,252,0.0,14.6723,14.67
312812,252,1,252,0.0,14.6723,14.67
318507,192,1,192,0.0,14.6232,14.62
317873,301,1,301,0.0,14.498,14.5
312868,301,1,301,0.0,14.498,14.5
317817,248,1,248,0.0,14.4891,14.49
312816,248,1,248,0.0,14.4891,14.49
318375,363,1,363,0.0,14.4799,14.48
313359,363,1,363,0.0,14.4799,14.48
313367,363,1,363,0.0,14.4799,14.48
318373,363,1,363,0.0,14.4799,14.48
317571,242,1,242,0.0,14.4351,14.44
312569,242,1,242,0.0,14.4351,14.44
312955,212,1,212,0.0,14.4248,14.42
317949,212,1,212,0.0,14.4248,14.42
318483,222,1,222,0.0,14.4161,14.42
317811,250,1,250,0.0,14.3994,14.4
312811,250,1,250,0.0,14.3994,14.4
312497,252,1,252,0.0,14.3921,14.39
317501,252,1,252,0.0,14.3921,14.39
318506,312,1,312,0.0,14.3701,14.37
318362,270,1,270,0.0,14.3367,14.34
313356,270,1,270,0.0,14.3367,14.34
318367,270,1,270,0.0,14.3367,14.34
313352,270,1,270,0.0,14.3367,14.34
312702,294,1,294,0.0,14.3184,14.32
317703,294,1,294,0.0,14.3184,14.32
314727,185,1,185,0.0,14.2886,14.29
317527,185,1,185,0.0,14.2886,14.29
317627,320,1,320,0.0,14.2339,14.23
312624,320,1,320,0.0,14.2339,14.23
312806,221,1,221,0.0,14.1851,14.19
317807,221,1,221,0.0,14.1851,14.19
312814,229,1,229,0.0,14.1619,14.16
317815,229,1,229,0.0,14.1619,14.16
318491,269,1,269,0.0,14.1239,14.12
313046,243,1,243,0.0,14.105,14.11
312620,337,1,337,0.0,14.111,14.11
317619,337,1,337,0.0,14.111,14.11
318484,207,1,207,0.0,14.1077,14.11
318058,243,1,243,0.0,14.105,14.11
312454,255,1,255,0.0,14.077,14.08
317458,255,1,255,0.0,14.077,14.08
317528,167,1,167,0.0,14.0248,14.02
312530,167,1,167,0.0,14.0248,14.02
318493,265,1,265,0.0,14.0228,14.02
317643,304,1,304,0.0,14.0086,14.01
312644,304,1,304,0.0,14.0086,14.01
313305,260,1,260,0.0,13.9858,13.99
318316,260,1,260,0.0,13.9858,13.99
317564,274,1,274,0.0,13.9401,13.94
312562,274,1,274,0.0,13.9401,13.94
312956,193,1,193,0.0,13.9335,13.93
317957,193,1,193,0.0,13.9335,13.93
317914,220,1,220,0.0,13.9243,13.92
317913,220,1,220,0.0,13.9243,13.92
312912,220,1,220,0.0,13.9243,13.92
312913,220,1,220,0.0,13.9243,13.92
314722,141,1,141,0.0,13.8884,13.89
318071,141,1,141,0.0,13.8884,13.89
313141,162,1,162,0.0,13.881,13.88
318152,162,1,162,0.0,13.881,13.88
318069,118,1,118,0.0,13.8592,13.86
313060,118,1,118,0.0,13.8592,13.86
312431,254,1,254,0.0,13.8331,13.83
317441,254,1,254,0.0,13.8331,13.83
317822,256,1,256,0.0,13.8241,13.82
312826,256,1,256,0.0,13.8241,13.82
317519,233,1,233,0.0,13.7749,13.77
312521,233,1,233,0.0,13.7749,13.77
312649,257,1,257,0.0,13.7521,13.75
317646,257,1,257,0.0,13.7521,13.75
312524,152,1,152,0.0,13.7338,13.73
317522,152,1,152,0.0,13.7338,13.73
312527,152,1,152,0.0,13.7338,13.73
317525,152,1,152,0.0,13.7338,13.73
318494,258,1,258,0.0,13.679,13.68
318492,258,1,258,0.0,13.679,13.68
318088,151,1,151,0.0,13.5865,13.59
313076,151,1,151,0.0,13.5865,13.59
317520,237,1,237,0.0,13.5563,13.56
312522,237,1,237,0.0,13.5563,13.56
317910,184,1,184,0.0,13.5501,13.55
312910,184,1,184,0.0,13.5501,13.55
317911,184,1,184,0.0,13.5501,13.55
317823,254,1,254,0.0,13.5511,13.55
313078,160,1,160,0.0,13.5521,13.55
312911,184,1,184,0.0,13.5501,13.55
313077,160,1,160,0.0,13.5521,13.55
312825,254,1,254,0.0,13.5511,13.55
318087,160,1,160,0.0,13.5521,13.55
318086,160,1,160,0.0,13.5521,13.55
317455,242,1,242,0.0,13.5373,13.54
312447,242,1,242,0.0,13.5373,13.54
312618,311,1,311,0.0,13.5094,13.51
317618,311,1,311,0.0,13.5094,13.51
318070,111,1,111,0.0,13.3854,13.39
313059,111,1,111,0.0,13.3854,13.39
317709,340,1,340,0.0,13.3774,13.38
312708,340,1,340,0.0,13.3774,13.38
312799,264,1,264,0.0,13.3582,13.36
318072,133,1,133,0.0,13.3608,13.36
317798,264,1,264,0.0,13.3582,13.36
313061,133,1,133,0.0,13.3608,13.36
317794,252,1,252,0.0,13.3181,13.32
312796,252,1,252,0.0,13.3181,13.32
312797,252,1,252,0.0,13.3181,13.32
317793,252,1,252,0.0,13.3181,13.32
312848,213,1,213,0.0,13.3006,13.3
317848,213,1,213,0.0,13.3006,13.3
312710,361,1,361,0.0,13.28,13.28
317710,361,1,361,0.0,13.28,13.28
318061,229,1,229,0.0,13.2571,13.26
313049,229,1,229,0.0,13.2571,13.26
312643,272,1,272,0.0,13.2527,13.25
317644,272,1,272,0.0,13.2527,13.25
317688,291,1,291,0.0,13.1766,13.18
312687,291,1,291,0.0,13.1766,13.18
313372,352,1,352,0.0,13.1147,13.11
318393,352,1,352,0.0,13.1147,13.11
312371,210,1,210,0.0,13.0581,13.06
314712,211,1,211,0.0,13.0503,13.05
312821,238,1,238,0.0,13.0509,13.05
317932,211,1,211,0.0,13.0503,13.05
317820,238,1,238,0.0,13.0509,13.05
318215,208,1,208,0.0,13.0171,13.02
313206,208,1,208,0.0,13.0171,13.02
312408,241,1,241,0.0,13.0023,13.0
317418,241,1,241,0.0,13.0023,13.0
318084,132,1,132,0.0,12.9831,12.98
313074,132,1,132,0.0,12.9831,12.98
313073,132,1,132,0.0,12.9831,12.98
318083,132,1,132,0.0,12.9831,12.98
318542,209,1,209,0.0,12.9741,12.97
313435,248,1,248,0.0,12.9564,12.96
318447,248,1,248,0.0,12.9564,12.96
312835,176,1,176,0.0,12.9201,12.92
317838,176,1,176,0.0,12.9201,12.92
317645,282,1,282,0.0,12.9244,12.92
312838,176,1,176,0.0,12.9201,12.92
317841,176,1,176,0.0,12.9201,12.92
312642,282,1,282,0.0,12.9244,12.92
313035,189,1,189,0.0,12.8763,12.88
318045,189,1,189,0.0,12.8763,12.88
312614,199,1,199,0.0,12.8479,12.85
317612,199,1,199,0.0,12.8479,12.85
313028,150,1,150,0.0,12.8224,12.82
318037,150,1,150,0.0,12.8224,12.82
312394,207,1,207,0.0,12.7896,12.79
312396,207,1,207,0.0,12.7896,12.79
317399,207,1,207,0.0,12.7896,12.79
317401,207,1,207,0.0,12.7896,12.79
317922,138,1,138,0.0,12.7265,12.73
312922,138,1,138,0.0,12.7265,12.73
318536,181,1,181,0.0,12.7136,12.71
318323,247,1,247,0.0,12.7146,12.71
313318,247,1,247,0.0,12.7146,12.71
312719,224,1,224,0.0,12.6997,12.7
317719,224,1,224,0.0,12.6997,12.7
317648,235,1,235,0.0,12.6679,12.67
317492,214,1,214,0.0,12.6724,12.67
312483,214,1,214,0.0,12.6724,12.67
312647,235,1,235,0.0,12.6679,12.67
312233,208,1,208,0.0,12.6533,12.65
317238,208,1,208,0.0,12.6533,12.65
317577,226,1,226,0.0,12.638,12.64
312580,226,1,226,0.0,12.638,12.64
313332,221,1,221,0.0,12.6151,12.62
318341,221,1,221,0.0,12.6151,12.62
312685,244,1,244,0.0,12.6136,12.61
317686,244,1,244,0.0,12.6136,12.61
317979,163,1,163,0.0,12.5961,12.6
312973,163,1,163,0.0,12.5961,12.6
317402,203,1,203,0.0,12.5833,12.58
312393,203,1,203,0.0,12.5833,12.58
312395,203,1,203,0.0,12.5833,12.58
317400,203,1,203,0.0,12.5833,12.58
317241,209,1,209,0.0,12.5707,12.57
312230,209,1,209,0.0,12.5707,12.57
312232,209,1,209,0.0,12.5707,12.57
317239,209,1,209,0.0,12.5707,12.57
318474,175,1,175,0.0,12.5666,12.57
313462,175,1,175,0.0,12.5666,12.57
318535,157,1,157,0.0,12.5619,12.56
312322,219,1,219,0.0,12.5457,12.55
312320,219,1,219,0.0,12.5457,12.55
317325,219,1,219,0.0,12.5457,12.55
317327,219,1,219,0.0,12.5457,12.55
312720,205,1,205,0.0,12.5361,12.54
317720,205,1,205,0.0,12.5361,12.54
317426,232,1,232,0.0,12.5262,12.53
312426,232,1,232,0.0,12.5262,12.53
312428,232,1,232,0.0,12.5262,12.53
317428,232,1,232,0.0,12.5262,12.53
312932,202,1,202,0.0,12.5227,12.52
317933,202,1,202,0.0,12.5227,12.52
317866,247,1,247,0.0,12.5018,12.5
312864,247,1,247,0.0,12.5018,12.5
312528,165,1,165,0.0,12.4874,12.49
317530,165,1,165,0.0,12.4874,12.49
312401,238,1,238,0.0,12.479,12.48
317407,238,1,238,0.0,12.479,12.48
312237,194,1,194,0.0,12.4732,12.47
317246,194,1,194,0.0,12.4732,12.47
317249,194,1,194,0.0,12.4732,12.47
312239,194,1,194,0.0,12.4732,12.47
312241,194,1,194,0.0,12.4732,12.47
317248,194,1,194,0.0,12.4732,12.47
312238,194,1,194,0.0,12.4732,12.47
317250,194,1,194,0.0,12.4732,12.47
317591,221,1,221,0.0,12.4588,12.46
312590,221,1,221,0.0,12.4588,12.46
317326,220,1,220,0.0,12.4255,12.43
317345,175,1,175,0.0,12.4304,12.43
312323,220,1,220,0.0,12.4255,12.43
312348,175,1,175,0.0,12.4304,12.43
317324,220,1,220,0.0,12.4255,12.43
312321,220,1,220,0.0,12.4255,12.43
317928,191,1,191,0.0,12.4248,12.42
312930,191,1,191,0.0,12.4248,12.42
317929,191,1,191,0.0,12.4248,12.42
312931,191,1,191,0.0,12.4248,12.42
317872,232,1,232,0.0,12.4118,12.41
312869,232,1,232,0.0,12.4118,12.41
313207,200,1,200,0.0,12.4027,12.4
318218,200,1,200,0.0,12.4027,12.4
312795,221,1,221,0.0,12.3864,12.39
317795,221,1,221,0.0,12.3864,12.39
312481,199,1,199,0.0,12.3509,12.35
317245,195,1,195,0.0,12.353,12.35
317247,195,1,195,0.0,12.353,12.35
317487,199,1,199,0.0,12.3509,12.35
313373,414,1,414,0.0,12.3524,12.35
318392,414,1,414,0.0,12.3524,12.35
312240,195,1,195,0.0,12.353,12.35
312242,195,1,195,0.0,12.353,12.35
312427,229,1,229,0.0,12.3195,12.32
313299,228,1,228,0.0,12.3205,12.32
317429,229,1,229,0.0,12.3195,12.32
312425,229,1,229,0.0,12.3195,12.32
318309,228,1,228,0.0,12.3205,12.32
317427,229,1,229,0.0,12.3195,12.32
318429,164,1,164,0.0,12.314,12.31
313417,164,1,164,0.0,12.314,12.31
312347,177,1,177,0.0,12.3048,12.3
317346,177,1,177,0.0,12.3048,12.3
312465,187,1,187,0.0,12.2778,12.28
317864,276,1,276,0.0,12.2674,12.27
312866,276,1,276,0.0,12.2674,12.27
317320,229,1,229,0.0,12.259,12.26
312313,229,1,229,0.0,12.259,12.26
312317,229,1,229,0.0,12.259,12.26
317647,233,1,233,0.0,12.2541,12.25
312648,233,1,233,0.0,12.2541,12.25
318160,177,1,177,0.0,12.245,12.25
313150,177,1,177,0.0,12.245,12.25
313300,227,1,227,0.0,12.2374,12.24
312975,175,1,175,0.0,12.2364,12.24
317981,175,1,175,0.0,12.2364,12.24
317980,174,1,174,0.0,12.2445,12.24
312976,174,1,174,0.0,12.2445,12.24
318448,225,1,225,0.0,12.242,12.24
313436,225,1,225,0.0,12.242,12.24
318308,227,1,227,0.0,12.2374,12.24
317540,232,1,232,0.0,12.2133,12.21
317878,237,1,237,0.0,12.2058,12.21
312539,232,1,232,0.0,12.2133,12.21
312876,237,1,237,0.0,12.2058,12.21
313438,240,1,240,0.0,12.2036,12.2
318449,240,1,240,0.0,12.2036,12.2
312742,233,1,233,0.0,12.1915,12.19
317747,233,1,233,0.0,12.1915,12.19
317541,217,1,217,0.0,12.1945,12.19
312542,217,1,217,0.0,12.1945,12.19
312592,220,1,220,0.0,12.1763,12.18
317321,232,1,232,0.0,12.1785,12.18
317592,220,1,220,0.0,12.1763,12.18
312312,232,1,232,0.0,12.1785,12.18
318510,232,1,232,0.0,12.1785,12.18
317642,250,1,250,0.0,12.1685,12.17
312645,250,1,250,0.0,12.1685,12.17
313031,180,1,180,0.0,12.1631,12.16
318041,180,1,180,0.0,12.1631,12.16
317875,214,1,214,0.0,12.1461,12.15
312874,214,1,214,0.0,12.1461,12.15
312594,232,1,232,0.0,12.1512,12.15
313466,167,1,167,0.0,12.1329,12.13
312470,186,1,186,0.0,12.1287,12.13
317333,178,1,178,0.0,12.1294,12.13
318478,167,1,167,0.0,12.1329,12.13
312334,178,1,178,0.0,12.1294,12.13
317496,192,1,192,0.0,12.0988,12.1
312684,266,1,266,0.0,12.099,12.1
317684,266,1,266,0.0,12.099,12.1
312489,192,1,192,0.0,12.0988,12.1
313465,167,1,167,0.0,12.075,12.08
318477,167,1,167,0.0,12.075,12.08
312694,285,1,285,0.0,12.0711,12.07
317694,285,1,285,0.0,12.0711,12.07
312335,178,1,178,0.0,12.0478,12.05
317332,178,1,178,0.0,12.0478,12.05
312491,205,1,205,0.0,12.0437,12.04
317498,205,1,205,0.0,12.0437,12.04
312929,183,1,183,0.0,11.998,12.0
317930,183,1,183,0.0,11.998,12.0
317931,183,1,183,0.0,11.998,12.0
312928,183,1,183,0.0,11.998,12.0
312297,160,1,160,0.0,11.9885,11.99
317312,160,1,160,0.0,11.9885,11.99
317304,160,1,160,0.0,11.9885,11.99
312305,160,1,160,0.0,11.9885,11.99
317417,227,1,227,0.0,11.9828,11.98
312409,227,1,227,0.0,11.9828,11.98
313183,217,1,217,0.0,11.9573,11.96
318195,217,1,217,0.0,11.9573,11.96
317297,159,1,159,0.0,11.945,11.95
312285,159,1,159,0.0,11.945,11.95
317293,159,1,159,0.0,11.945,11.95
312289,159,1,159,0.0,11.945,11.95
317615,213,1,213,0.0,11.9266,11.93
312617,213,1,213,0.0,11.9266,11.93
313208,224,1,224,0.0,11.9232,11.92
318220,224,1,224,0.0,11.9232,11.92
312695,293,1,293,0.0,11.9027,11.9
317695,293,1,293,0.0,11.9027,11.9
312768,226,1,226,0.0,11.8847,11.88
312924,165,1,165,0.0,11.8694,11.87
317925,165,1,165,0.0,11.8694,11.87
312925,166,1,166,0.0,11.8613,11.86
317924,166,1,166,0.0,11.8613,11.86
313139,130,1,130,0.0,11.8187,11.82
313140,130,1,130,0.0,11.8187,11.82
313137,130,1,130,0.0,11.8187,11.82
318147,130,1,130,0.0,11.8187,11.82
318146,130,1,130,0.0,11.8187,11.82
313271,176,1,176,0.0,11.8214,11.82
318149,130,1,130,0.0,11.8187,11.82
318287,176,1,176,0.0,11.8214,11.82
317926,159,1,159,0.0,11.7947,11.79
312927,159,1,159,0.0,11.7947,11.79
317919,146,1,146,0.0,11.7776,11.78
312916,146,1,146,0.0,11.7776,11.78
313314,240,1,240,0.0,11.7294,11.73
318324,241,1,241,0.0,11.7325,11.73
318327,240,1,240,0.0,11.7294,11.73
313317,241,1,241,0.0,11.7325,11.73
313301,211,1,211,0.0,11.7192,11.72
318311,211,1,211,0.0,11.7192,11.72
313442,147,1,147,0.0,11.7157,11.72
318453,147,1,147,0.0,11.7157,11.72
312599,226,1,226,0.0,11.6997,11.7
318108,115,1,115,0.0,11.6966,11.7
313092,115,1,115,0.0,11.6966,11.7
312769,226,1,226,0.0,11.6997,11.7
318441,203,1,203,0.0,11.6837,11.68
313432,203,1,203,0.0,11.6837,11.68
312879,234,1,234,0.0,11.6747,11.67
317882,234,1,234,0.0,11.6747,11.67
312636,305,1,305,0.0,11.6193,11.62
317636,305,1,305,0.0,11.6193,11.62
317551,224,1,224,0.0,11.6084,11.61
312551,224,1,224,0.0,11.6084,11.61
313029,131,1,131,0.0,11.6029,11.6
318039,131,1,131,0.0,11.6029,11.6
312591,204,1,204,0.0,11.5914,11.59
317590,204,1,204,0.0,11.5914,11.59
318314,187,1,187,0.0,11.5721,11.57
312419,219,1,219,0.0,11.5749,11.57
317421,219,1,219,0.0,11.5749,11.57
313304,187,1,187,0.0,11.5721,11.57
313424,223,1,223,0.0,11.5643,11.56
312421,218,1,218,0.0,11.559,11.56
318436,223,1,223,0.0,11.5643,11.56
318352,92,1,92,0.0,11.5477,11.55
314723,92,1,92,0.0,11.5477,11.55
317670,349,1,349,0.0,11.5437,11.54
312670,349,1,349,0.0,11.5437,11.54
317504,195,1,195,0.0,11.527,11.53
312506,195,1,195,0.0,11.527,11.53
317658,193,1,193,0.0,11.5185,11.52
312658,193,1,193,0.0,11.5185,11.52
318221,205,1,205,0.0,11.4784,11.48
313445,147,1,147,0.0,11.4773,11.48
313210,205,1,205,0.0,11.4784,11.48
318456,147,1,147,0.0,11.4773,11.48
312437,230,1,230,0.0,11.4415,11.44
317437,230,1,230,0.0,11.4415,11.44
312435,230,1,230,0.0,11.4415,11.44
317435,230,1,230,0.0,11.4415,11.44
313196,201,1,201,0.0,11.405,11.41
318206,201,1,201,0.0,11.405,11.41
312652,225,1,225,0.0,11.4048,11.4
317652,225,1,225,0.0,11.4048,11.4
318110,156,1,156,0.0,11.3544,11.35
313100,156,1,156,0.0,11.3544,11.35
318513,215,1,215,0.0,11.3523,11.35
312681,221,1,221,0.0,11.3409,11.34
317683,221,1,221,0.0,11.3409,11.34
313197,178,1,178,0.0,11.3393,11.34
318208,178,1,178,0.0,11.3393,11.34
318313,177,1,177,0.0,11.3357,11.34
313302,177,1,177,0.0,11.3357,11.34
317617,196,1,196,0.0,11.3346,11.33
312615,196,1,196,0.0,11.3346,11.33
317521,124,1,124,0.0,11.3327,11.33
314726,124,1,124,0.0,11.3327,11.33
317449,218,1,218,0.0,11.3199,11.32
312979,151,1,151,0.0,11.3173,11.32
312442,218,1,218,0.0,11.3199,11.32
312438,218,1,218,0.0,11.3199,11.32
317982,151,1,151,0.0,11.3173,11.32
317445,218,1,218,0.0,11.3199,11.32
318044,184,1,184,0.0,11.3087,11.31
313034,184,1,184,0.0,11.3087,11.31
318312,175,1,175,0.0,11.2522,11.25
313303,175,1,175,0.0,11.2522,11.25
317436,217,1,217,0.0,11.2392,11.24
317651,249,1,249,0.0,11.2375,11.24
312434,217,1,217,0.0,11.2392,11.24
312436,217,1,217,0.0,11.2392,11.24
312650,249,1,249,0.0,11.2375,11.24
317438,217,1,217,0.0,11.2392,11.24
312981,143,1,143,0.0,11.2172,11.22
317985,143,1,143,0.0,11.2172,11.22
318452,139,1,139,0.0,11.2125,11.21
313443,139,1,139,0.0,11.2125,11.21
312849,182,1,182,0.0,11.1991,11.2
317847,182,1,182,0.0,11.1991,11.2
313044,159,1,159,0.0,11.1904,11.19
318054,159,1,159,0.0,11.1904,11.19
317439,231,1,231,0.0,11.1828,11.18
313041,170,1,170,0.0,11.1761,11.18
318050,170,1,170,0.0,11.1761,11.18
312433,231,1,231,0.0,11.1828,11.18
313311,226,1,226,0.0,11.1489,11.15
318322,226,1,226,0.0,11.1489,11.15
313148,139,1,139,0.0,11.1373,11.14
318157,139,1,139,0.0,11.1373,11.14
317582,187,1,187,0.0,11.1334,11.13
312584,187,1,187,0.0,11.1334,11.13
317877,187,1,187,0.0,11.1211,11.12
312877,187,1,187,0.0,11.1211,11.12
312579,194,1,194,0.0,11.0926,11.09
312372,172,1,172,0.0,11.0926,11.09
317578,194,1,194,0.0,11.0926,11.09
317970,143,1,143,0.0,11.0801,11.08
314715,143,1,143,0.0,11.0801,11.08
313416,147,1,147,0.0,11.073,11.07
318428,147,1,147,0.0,11.073,11.07
312441,214,1,214,0.0,11.0526,11.05
317446,214,1,214,0.0,11.0526,11.05
312548,160,1,160,0.0,11.0352,11.04
317796,203,1,203,0.0,11.0414,11.04
317548,160,1,160,0.0,11.0352,11.04
312794,203,1,203,0.0,11.0414,11.04
318055,162,1,162,0.0,11.0269,11.03
313045,162,1,162,0.0,11.0269,11.03
318543,172,1,172,0.0,11.011,11.01
313428,177,1,177,0.0,10.9975,11.0
318437,177,1,177,0.0,10.9975,11.0
318205,177,1,177,0.0,10.9945,10.99
313194,177,1,177,0.0,10.9945,10.99
312966,145,1,145,0.0,10.9631,10.96
317967,145,1,145,0.0,10.9631,10.96
317963,130,1,130,0.0,10.9404,10.94
314713,130,1,130,0.0,10.9404,10.94
318468,173,1,173,0.0,10.8992,10.9
313457,173,1,173,0.0,10.8992,10.9
313316,215,1,215,0.0,10.8862,10.89
318325,215,1,215,0.0,10.8862,10.89
318326,214,1,214,0.0,10.883,10.88
313315,214,1,214,0.0,10.883,10.88
313058,185,1,185,0.0,10.8721,10.87
318068,185,1,185,0.0,10.8721,10.87
312960,106,1,106,0.0,10.8588,10.86
312978,149,1,149,0.0,10.8584,10.86
317983,149,1,149,0.0,10.8584,10.86
317959,106,1,106,0.0,10.8588,10.86
313441,134,1,134,0.0,10.8547,10.85
317749,188,1,188,0.0,10.8503,10.85
318454,134,1,134,0.0,10.8547,10.85
317750,188,1,188,0.0,10.8503,10.85
312752,188,1,188,0.0,10.8503,10.85
317748,188,1,188,0.0,10.8503,10.85
312751,188,1,188,0.0,10.8503,10.85
312750,188,1,188,0.0,10.8503,10.85
317464,251,1,251,0.0,10.828,10.83
312458,251,1,251,0.0,10.828,10.83
318125,164,1,164,0.0,10.7689,10.77
313109,164,1,164,0.0,10.7689,10.77
312225,211,1,211,0.0,10.7594,10.76
317230,211,1,211,0.0,10.7594,10.76
313193,186,1,186,0.0,10.7477,10.75
318204,186,1,186,0.0,10.7477,10.75
318048,156,1,156,0.0,10.7541,10.75
313039,156,1,156,0.0,10.7541,10.75
317637,271,1,271,0.0,10.7522,10.75
312637,271,1,271,0.0,10.7522,10.75
317678,195,1,195,0.0,10.7381,10.74
318546,175,1,175,0.0,10.7442,10.74
313152,111,1,111,0.0,10.7441,10.74
318545,175,1,175,0.0,10.7442,10.74
312657,185,1,185,0.0,10.7355,10.74
317657,185,1,185,0.0,10.7355,10.74
312679,195,1,195,0.0,10.7381,10.74
318163,111,1,111,0.0,10.7441,10.74
318158,153,1,153,0.0,10.6803,10.68
313149,153,1,153,0.0,10.6803,10.68
317971,137,1,137,0.0,10.6834,10.68
312967,137,1,137,0.0,10.6834,10.68
313030,129,1,129,0.0,10.6841,10.68
318040,129,1,129,0.0,10.6841,10.68
313087,130,1,130,0.0,10.6701,10.67
318102,130,1,130,0.0,10.6701,10.67
313004,128,1,128,0.0,10.6627,10.66
318009,128,1,128,0.0,10.6627,10.66
317463,244,1,244,0.0,10.6506,10.65
312456,244,1,244,0.0,10.6506,10.65
317680,200,1,200,0.0,10.6467,10.65
312680,200,1,200,0.0,10.6467,10.65
313449,231,1,231,0.0,10.6333,10.63
318460,231,1,231,0.0,10.6339,10.63
318461,231,1,231,0.0,10.6339,10.63
313448,231,1,231,0.0,10.6333,10.63
312266,176,1,176,0.0,10.624,10.62
312265,176,1,176,0.0,10.624,10.62
317397,199,1,199,0.0,10.5862,10.59
312392,199,1,199,0.0,10.5862,10.59
317329,175,1,175,0.0,10.581,10.58
317993,131,1,131,0.0,10.577,10.58
312990,131,1,131,0.0,10.577,10.58
312318,175,1,175,0.0,10.581,10.58
317234,201,1,201,0.0,10.5742,10.57
312228,201,1,201,0.0,10.5742,10.57
317235,212,1,212,0.0,10.5554,10.56
312229,212,1,212,0.0,10.5554,10.56
312417,202,1,202,0.0,10.5482,10.55
317423,202,1,202,0.0,10.5482,10.55
312671,242,1,242,0.0,10.5522,10.55
317671,242,1,242,0.0,10.5522,10.55
317964,124,1,124,0.0,10.5437,10.54
312963,124,1,124,0.0,10.5437,10.54
318013,127,1,127,0.0,10.5338,10.53
313070,114,1,114,0.0,10.5251,10.53
318082,114,1,114,0.0,10.5251,10.53
314719,127,1,127,0.0,10.5338,10.53
317860,199,1,199,0.0,10.5213,10.52
317969,139,1,139,0.0,10.5193,10.52
312964,139,1,139,0.0,10.5193,10.52
312859,199,1,199,0.0,10.5213,10.52
318321,208,1,208,0.0,10.5185,10.52
313312,208,1,208,0.0,10.5185,10.52
317840,145,1,145,0.0,10.4911,10.49
312836,145,1,145,0.0,10.4911,10.49
317744,201,1,201,0.0,10.482,10.48
312745,201,1,201,0.0,10.482,10.48
318315,175,1,175,0.0,10.4744,10.47
313306,175,1,175,0.0,10.4744,10.47
317842,149,1,149,0.0,10.4721,10.47
312834,149,1,149,0.0,10.4721,10.47
312319,176,1,176,0.0,10.4608,10.46
317328,176,1,176,0.0,10.4608,10.46
312310,176,1,176,0.0,10.4516,10.45
312311,176,1,176,0.0,10.4516,10.45
317502,173,1,173,0.0,10.438,10.44
312733,211,1,211,0.0,10.4391,10.44
317734,211,1,211,0.0,10.4391,10.44
312493,173,1,173,0.0,10.438,10.44
313309,174,1,174,0.0,10.4349,10.43
318318,174,1,174,0.0,10.4349,10.43
313118,137,1,137,0.0,10.429,10.43
318130,137,1,137,0.0,10.429,10.43
312958,100,1,100,0.0,10.4151,10.42
317961,100,1,100,0.0,10.4151,10.42
318067,154,1,154,0.0,10.4001,10.4
313057,154,1,154,0.0,10.4001,10.4
318511,177,1,177,0.0,10.3691,10.37
318512,177,1,177,0.0,10.3691,10.37
318455,126,1,126,0.0,10.3516,10.35
313310,173,1,173,0.0,10.3499,10.35
313440,126,1,126,0.0,10.3516,10.35
318317,173,1,173,0.0,10.3499,10.35
318457,134,1,134,0.0,10.3395,10.34
313444,134,1,134,0.0,10.3395,10.34
318010,123,1,123,0.0,10.3187,10.32
313003,123,1,123,0.0,10.3187,10.32
313371,350,1,350,0.0,10.3082,10.31
318394,350,1,350,0.0,10.3082,10.31
317862,223,1,223,0.0,10.2844,10.28
312861,223,1,223,0.0,10.2844,10.28
317288,182,1,182,0.0,10.2599,10.26
312279,182,1,182,0.0,10.2599,10.26
312854,131,1,131,0.0,10.2026,10.2
317854,131,1,131,0.0,10.2026,10.2
317287,181,1,181,0.0,10.1769,10.18
312280,181,1,181,0.0,10.1769,10.18
317729,199,1,199,0.0,10.1783,10.18
312727,199,1,199,0.0,10.1783,10.18
312227,199,1,199,0.0,10.171,10.17
317232,199,1,199,0.0,10.171,10.17
317739,197,1,197,0.0,10.1592,10.16
312739,197,1,197,0.0,10.1592,10.16
318133,115,1,115,0.0,10.1494,10.15
313122,115,1,115,0.0,10.1494,10.15
318435,193,1,193,0.0,10.1357,10.14
313423,193,1,193,0.0,10.1357,10.14
318015,121,1,121,0.0,10.1363,10.14
313005,121,1,121,0.0,10.1363,10.14
312424,183,1,183,0.0,10.1123,10.11
313415,157,1,157,0.0,10.1067,10.11
318026,122,1,122,0.0,10.1089,10.11
317430,183,1,183,0.0,10.1123,10.11
313015,122,1,122,0.0,10.1089,10.11
318427,157,1,157,0.0,10.1067,10.11
317803,214,1,214,0.0,10.0459,10.05
312804,214,1,214,0.0,10.0459,10.05
317912,122,1,122,0.0,9.9928,9.99
312914,122,1,122,0.0,9.9928,9.99
317431,180,1,180,0.0,9.9055,9.91
312423,180,1,180,0.0,9.9055,9.91
312336,150,1,150,0.0,9.8586,9.86
318301,191,1,191,0.0,9.8448,9.84
313289,191,1,191,0.0,9.8448,9.84
312696,206,1,206,0.0,9.787,9.79
317696,206,1,206,0.0,9.787,9.79
318078,93,1,93,0.0,9.7849,9.78
313068,93,1,93,0.0,9.7849,9.78
318458,169,1,169,0.0,9.7658,9.77
313447,169,1,169,0.0,9.7658,9.77
313446,169,1,169,0.0,9.7658,9.77
318459,169,1,169,0.0,9.7658,9.77
318539,148,1,148,0.0,9.7592,9.76
317746,170,1,170,0.0,9.7034,9.7
312743,170,1,170,0.0,9.7034,9.7
312277,179,1,179,0.0,9.6939,9.69
317280,179,1,179,0.0,9.6939,9.69
317506,174,1,174,0.0,9.6923,9.69
312278,179,1,179,0.0,9.6939,9.69
317282,179,1,179,0.0,9.6939,9.69
312276,179,1,179,0.0,9.6939,9.69
317281,179,1,179,0.0,9.6939,9.69
312499,174,1,174,0.0,9.6923,9.69
318091,121,1,121,0.0,9.6701,9.67
318093,121,1,121,0.0,9.6701,9.67
318090,121,1,121,0.0,9.6701,9.67
313081,121,1,121,0.0,9.6701,9.67
313079,121,1,121,0.0,9.6701,9.67
313082,121,1,121,0.0,9.6701,9.67
318004,135,1,135,0.0,9.6056,9.61
317660,218,1,218,0.0,9.6074,9.61
312995,135,1,135,0.0,9.6056,9.61
312661,218,1,218,0.0,9.6074,9.61
317505,171,1,171,0.0,9.5722,9.57
312500,171,1,171,0.0,9.5722,9.57
317698,198,1,198,0.0,9.5537,9.55
312610,178,1,178,0.0,9.5528,9.55
317611,178,1,178,0.0,9.5528,9.55
312698,198,1,198,0.0,9.5537,9.55
318526,146,1,146,0.0,9.4465,9.45
312894,195,1,195,0.0,9.4258,9.43
317893,195,1,195,0.0,9.4258,9.43
313098,134,1,134,0.0,9.3949,9.39
318109,134,1,134,0.0,9.3949,9.39
317800,210,1,210,0.0,9.3728,9.37
312802,210,1,210,0.0,9.3728,9.37
318079,94,1,94,0.0,9.3634,9.36
313067,94,1,94,0.0,9.3634,9.36
318426,155,1,155,0.0,9.3524,9.35
318001,138,1,138,0.0,9.3486,9.35
313414,155,1,155,0.0,9.3524,9.35
312992,138,1,138,0.0,9.3486,9.35
313120,112,1,112,0.0,9.3291,9.33
312243,147,1,147,0.0,9.3263,9.33
318128,112,1,112,0.0,9.3291,9.33
318385,248,1,248,0.0,9.3205,9.32
313380,248,1,248,0.0,9.3205,9.32
317277,178,1,178,0.0,9.3152,9.32
312264,178,1,178,0.0,9.3152,9.32
318111,131,1,131,0.0,9.2857,9.29
313099,131,1,131,0.0,9.2857,9.29
318094,110,1,110,0.0,9.2771,9.28
313086,110,1,110,0.0,9.2771,9.28
318096,110,1,110,0.0,9.2771,9.28
313084,110,1,110,0.0,9.2771,9.28
318003,130,1,130,0.0,9.2307,9.23
312996,130,1,130,0.0,9.2307,9.23
318150,97,1,97,0.0,9.1905,9.19
313143,97,1,97,0.0,9.1905,9.19
317608,168,1,168,0.0,9.1833,9.18
312608,168,1,168,0.0,9.1833,9.18
317679,182,1,182,0.0,9.1708,9.17
312678,182,1,182,0.0,9.1708,9.17
313066,102,1,102,0.0,9.1585,9.16
318077,102,1,102,0.0,9.1585,9.16
312853,119,1,119,0.0,9.1198,9.12
317853,119,1,119,0.0,9.1198,9.12
312418,170,1,170,0.0,9.0825,9.08
317422,170,1,170,0.0,9.0825,9.08
318307,199,1,199,0.0,9.0733,9.07
313295,199,1,199,0.0,9.0733,9.07
317318,163,1,163,0.0,8.9768,8.98
312315,163,1,163,0.0,8.9768,8.98
312754,147,1,147,0.0,8.9739,8.97
317753,147,1,147,0.0,8.9739,8.97
312611,153,1,153,0.0,8.9396,8.94
317610,153,1,153,0.0,8.9396,8.94
312638,177,1,177,0.0,8.921,8.92
312256,174,1,174,0.0,8.9228,8.92
317638,177,1,177,0.0,8.921,8.92
312292,134,1,134,0.0,8.9059,8.91
317290,134,1,134,0.0,8.9059,8.91
312399,152,1,152,0.0,8.9138,8.91
317409,152,1,152,0.0,8.9138,8.91
317448,179,1,179,0.0,8.8929,8.89
312439,179,1,179,0.0,8.8929,8.89
317523,93,1,93,0.0,8.8531,8.85
312526,93,1,93,0.0,8.8531,8.85
318548,176,1,176,0.0,8.8307,8.83
312629,163,1,163,0.0,8.7676,8.77
317756,136,1,136,0.0,8.7748,8.77
317757,136,1,136,0.0,8.7748,8.77
312755,136,1,136,0.0,8.7748,8.77
317629,163,1,163,0.0,8.7676,8.77
312756,136,1,136,0.0,8.7748,8.77
317754,143,1,143,0.0,8.7615,8.76
312609,144,1,144,0.0,8.7632,8.76
312753,143,1,143,0.0,8.7615,8.76
317607,144,1,144,0.0,8.7632,8.76
313017,99,1,99,0.0,8.7256,8.73
318027,99,1,99,0.0,8.7256,8.73
314710,150,1,150,0.0,8.7303,8.73
312303,133,1,133,0.0,8.7341,8.73
317499,150,1,150,0.0,8.7303,8.73
317306,133,1,133,0.0,8.7341,8.73
313294,180,1,180,0.0,8.6875,8.69
318302,180,1,180,0.0,8.6875,8.69
317843,121,1,121,0.0,8.6843,8.68
312833,121,1,121,0.0,8.6843,8.68
312640,142,1,142,0.0,8.6202,8.62
317640,142,1,142,0.0,8.6202,8.62
317471,115,1,115,0.0,8.6107,8.61
312468,115,1,115,0.0,8.6107,8.61
317894,170,1,170,0.0,8.6008,8.6
312893,170,1,170,0.0,8.6008,8.6
317755,132,1,132,0.0,8.5602,8.56
312757,132,1,132,0.0,8.5602,8.56
317302,130,1,130,0.0,8.5501,8.55
312296,130,1,130,0.0,8.5501,8.55
317313,130,1,130,0.0,8.5501,8.55
312307,130,1,130,0.0,8.5501,8.55
312585,152,1,152,0.0,8.5444,8.54
317581,152,1,152,0.0,8.5444,8.54
318134,92,1,92,0.0,8.5199,8.52
313121,92,1,92,0.0,8.5199,8.52
317691,142,1,142,0.0,8.5109,8.51
312690,142,1,142,0.0,8.5109,8.51
312689,142,1,142,0.0,8.5109,8.51
317690,142,1,142,0.0,8.5109,8.51
318081,89,1,89,0.0,8.4705,8.47
313071,89,1,89,0.0,8.4705,8.47
317685,151,1,151,0.0,8.4616,8.46
312686,151,1,151,0.0,8.4616,8.46
318080,81,1,81,0.0,8.4305,8.43
317781,121,1,121,0.0,8.4337,8.43
312780,121,1,121,0.0,8.4337,8.43
318473,122,1,122,0.0,8.4259,8.43
313069,81,1,81,0.0,8.4305,8.43
313463,122,1,122,0.0,8.4259,8.43
317772,189,1,189,0.0,8.3865,8.39
312773,189,1,189,0.0,8.3865,8.39
317654,110,1,110,0.0,8.3597,8.36
312654,110,1,110,0.0,8.3597,8.36
312597,145,1,145,0.0,8.3352,8.34
317976,118,1,118,0.0,8.3429,8.34
317462,202,1,202,0.0,8.3413,8.34
312595,145,1,145,0.0,8.3352,8.34
317595,145,1,145,0.0,8.3352,8.34
314716,118,1,118,0.0,8.3429,8.34
318012,100,1,100,0.0,8.3359,8.34
317593,145,1,145,0.0,8.3352,8.34
314720,100,1,100,0.0,8.3359,8.34
312457,202,1,202,0.0,8.3413,8.34
313051,125,1,125,0.0,8.3344,8.33
318059,125,1,125,0.0,8.3344,8.33
318011,95,1,95,0.0,8.3248,8.32
313002,95,1,95,0.0,8.3248,8.32
318052,170,1,170,0.0,8.3095,8.31
313042,170,1,170,0.0,8.3095,8.31
312653,113,1,113,0.0,8.2971,8.3
317653,113,1,113,0.0,8.2971,8.3
313016,90,1,90,0.0,8.2741,8.27
318025,90,1,90,0.0,8.2741,8.27
318198,128,1,128,0.0,8.2575,8.26
313187,128,1,128,0.0,8.2575,8.26
312863,170,1,170,0.0,8.261,8.26
317867,170,1,170,0.0,8.261,8.26
317777,133,1,133,0.0,8.2354,8.24
312777,133,1,133,0.0,8.2354,8.24
317972,108,1,108,0.0,8.2252,8.23
313048,117,1,117,0.0,8.2265,8.23
318056,117,1,117,0.0,8.2265,8.23
312971,108,1,108,0.0,8.2252,8.23
313401,160,1,160,0.0,8.2202,8.22
318400,160,1,160,0.0,8.2202,8.22
317600,134,1,134,0.0,8.1918,8.19
312600,134,1,134,0.0,8.1918,8.19
317935,95,1,95,0.0,8.1661,8.17
312933,95,1,95,0.0,8.1661,8.17
312692,176,1,176,0.0,8.1619,8.16
317692,176,1,176,0.0,8.1619,8.16
312693,176,1,176,0.0,8.1619,8.16
317693,176,1,176,0.0,8.1619,8.16
313110,102,1,102,0.0,8.1595,8.16
318124,102,1,102,0.0,8.1595,8.16
317616,132,1,132,0.0,8.1387,8.14
312616,132,1,132,0.0,8.1387,8.14
312735,160,1,160,0.0,8.1302,8.13
317732,160,1,160,0.0,8.1302,8.13
313135,225,1,225,0.0,8.0906,8.09
318145,225,1,225,0.0,8.0906,8.09
318053,135,1,135,0.0,8.084,8.08
313043,135,1,135,0.0,8.084,8.08
312561,153,1,153,0.0,8.0729,8.07
317565,153,1,153,0.0,8.0729,8.07
313119,96,1,96,0.0,8.0002,8.0
318129,96,1,96,0.0,8.0002,8.0
312789,160,1,160,0.0,7.9874,7.99
317790,160,1,160,0.0,7.9874,7.99
313245,131,1,131,0.0,7.9814,7.98
318256,131,1,131,0.0,7.9814,7.98
312613,92,1,92,0.0,7.9598,7.96
317613,92,1,92,0.0,7.9598,7.96
317977,112,1,112,0.0,7.9462,7.95
312972,112,1,112,0.0,7.9462,7.95
312559,140,1,140,0.0,7.9377,7.94
317560,140,1,140,0.0,7.9377,7.94
317697,179,1,179,0.0,7.9346,7.93
317728,168,1,168,0.0,7.9306,7.93
318060,116,1,116,0.0,7.93,7.93
312728,168,1,168,0.0,7.9306,7.93
312699,179,1,179,0.0,7.9346,7.93
313050,116,1,116,0.0,7.93,7.93
312740,167,1,167,0.0,7.9134,7.91
317738,167,1,167,0.0,7.9134,7.91
317752,156,1,156,0.0,7.8934,7.89
312748,156,1,156,0.0,7.8934,7.89
312969,103,1,103,0.0,7.8829,7.88
317974,103,1,103,0.0,7.8829,7.88
312936,87,1,87,0.0,7.8584,7.86
317938,87,1,87,0.0,7.8584,7.86
317491,143,1,143,0.0,7.8579,7.86
312484,143,1,143,0.0,7.8579,7.86
317490,143,1,143,0.0,7.8384,7.84
312485,143,1,143,0.0,7.8384,7.84
318500,107,1,107,0.0,7.8429,7.84
313286,119,1,119,0.0,7.7964,7.8
318298,119,1,119,0.0,7.7964,7.8
317973,103,1,103,0.0,7.7733,7.77
312970,103,1,103,0.0,7.7733,7.77
318132,79,1,79,0.0,7.7053,7.71
313123,79,1,79,0.0,7.7053,7.71
318472,112,1,112,0.0,7.6899,7.69
313464,112,1,112,0.0,7.6899,7.69
312460,153,1,153,0.0,7.6715,7.67
317466,153,1,153,0.0,7.6715,7.67
313239,147,1,147,0.0,7.653,7.65
318250,147,1,147,0.0,7.653,7.65
317285,146,1,146,0.0,7.6437,7.64
312282,146,1,146,0.0,7.6437,7.64
313290,127,1,127,0.0,7.6221,7.62
318300,127,1,127,0.0,7.6221,7.62
317802,163,1,163,0.0,7.5454,7.55
312800,163,1,163,0.0,7.5454,7.55
313291,126,1,126,0.0,7.5371,7.54
318299,126,1,126,0.0,7.5371,7.54
312621,166,1,166,0.0,7.5429,7.54
317621,166,1,166,0.0,7.5429,7.54
318295,133,1,133,0.0,7.4952,7.5
313285,133,1,133,0.0,7.4952,7.5
318413,222,1,222,0.0,7.4579,7.46
318243,119,1,119,0.0,7.4569,7.46
313388,222,1,222,0.0,7.4579,7.46
313230,119,1,119,0.0,7.4569,7.46
317787,159,1,159,0.0,7.4474,7.45
312935,81,1,81,0.0,7.4493,7.45
312786,159,1,159,0.0,7.4474,7.45
317939,81,1,81,0.0,7.4493,7.45
312788,159,1,159,0.0,7.4474,7.45
317785,159,1,159,0.0,7.4474,7.45
312480,128,1,128,0.0,7.4352,7.44
318481,103,1,103,0.0,7.4389,7.44
317488,128,1,128,0.0,7.4352,7.44
318354,68,1,68,0.0,7.4264,7.43
313342,68,1,68,0.0,7.4264,7.43
312578,123,1,123,0.0,7.4164,7.42
317579,123,1,123,0.0,7.4164,7.42
312628,147,1,147,0.0,7.4141,7.41
318345,123,1,123,0.0,7.4105,7.41
313334,123,1,123,0.0,7.4105,7.41
317628,147,1,147,0.0,7.4141,7.41
312701,174,1,174,0.0,7.3978,7.4
317700,174,1,174,0.0,7.3978,7.4
312724,132,1,132,0.0,7.3879,7.39
317724,132,1,132,0.0,7.3879,7.39
317851,132,1,132,0.0,7.3824,7.38
312845,132,1,132,0.0,7.3824,7.38
317569,121,1,121,0.0,7.3646,7.36
317557,166,1,166,0.0,7.3592,7.36
312557,166,1,166,0.0,7.3592,7.36
312571,121,1,121,0.0,7.3646,7.36
317475,95,1,95,0.0,7.3462,7.35
312473,95,1,95,0.0,7.3462,7.35
318381,184,1,184,0.0,7.2763,7.28
317572,110,1,110,0.0,7.2771,7.28
313455,92,1,92,0.0,7.2813,7.28
312574,110,1,110,0.0,7.2771,7.28
318470,92,1,92,0.0,7.2813,7.28
313384,184,1,184,0.0,7.2763,7.28
317641,93,1,93,0.0,7.2668,7.27
312553,118,1,118,0.0,7.2716,7.27
317553,118,1,118,0.0,7.2716,7.27
312639,93,1,93,0.0,7.2668,7.27
317518,132,1,132,0.0,7.257,7.26
312520,132,1,132,0.0,7.257,7.26
312589,97,1,97,0.0,7.2468,7.25
317588,97,1,97,0.0,7.2468,7.25
312946,86,1,86,0.0,7.2409,7.24
317941,86,1,86,0.0,7.2409,7.24
312954,102,1,102,0.0,7.2152,7.22
317950,102,1,102,0.0,7.2152,7.22
317489,130,1,130,0.0,7.2083,7.21
312486,130,1,130,0.0,7.2083,7.21
312682,129,1,129,0.0,7.1884,7.19
317682,129,1,129,0.0,7.1884,7.19
318294,138,1,138,0.0,7.1751,7.18
313284,138,1,138,0.0,7.1751,7.18
317586,100,1,100,0.0,7.1842,7.18
312587,100,1,100,0.0,7.1842,7.18
317558,161,1,161,0.0,7.1703,7.17
312723,118,1,118,0.0,7.1708,7.17
313085,79,1,79,0.0,7.1745,7.17
312558,161,1,161,0.0,7.1703,7.17
318095,79,1,79,0.0,7.1745,7.17
317723,118,1,118,0.0,7.1708,7.17
312300,97,1,97,0.0,7.1619,7.16
317765,161,1,161,0.0,7.1638,7.16
317702,158,1,158,0.0,7.1625,7.16
312703,158,1,158,0.0,7.1625,7.16
317309,97,1,97,0.0,7.1619,7.16
312765,161,1,161,0.0,7.1638,7.16
318248,114,1,114,0.0,7.1483,7.15
313238,114,1,114,0.0,7.1483,7.15
313458,95,1,95,0.0,7.1358,7.14
318467,95,1,95,0.0,7.1358,7.14
318242,113,1,113,0.0,7.1415,7.14
313231,113,1,113,0.0,7.1415,7.14
317512,167,1,167,0.0,7.128,7.13
312515,167,1,167,0.0,7.128,7.13
317514,167,1,167,0.0,7.128,7.13
317510,167,1,167,0.0,7.128,7.13
312513,167,1,167,0.0,7.128,7.13
312511,167,1,167,0.0,7.128,7.13
312627,153,1,153,0.0,7.0929,7.09
317624,153,1,153,0.0,7.0929,7.09
318144,171,1,171,0.0,7.0716,7.07
313136,171,1,171,0.0,7.0716,7.07
312857,73,1,73,0.0,7.0568,7.06
317857,73,1,73,0.0,7.0568,7.06
312775,160,1,160,0.0,7.0359,7.04
317774,160,1,160,0.0,7.0359,7.04
318485,132,1,132,0.0,7.0405,7.04
318006,125,1,125,0.0,7.0221,7.02
312999,125,1,125,0.0,7.0221,7.02
312926,90,1,90,0.0,7.0131,7.01
317927,90,1,90,0.0,7.0131,7.01
317517,122,1,122,0.0,7.0119,7.01
312519,122,1,122,0.0,7.0119,7.01
317509,165,1,165,0.0,6.9997,7.0
317513,165,1,165,0.0,6.9997,7.0
312514,165,1,165,0.0,6.9997,7.0
312512,165,1,165,0.0,6.9997,7.0
312516,165,1,165,0.0,6.9997,7.0
317511,165,1,165,0.0,6.9997,7.0
312923,77,1,77,0.0,6.9836,6.98
312510,166,1,166,0.0,6.9822,6.98
317921,77,1,77,0.0,6.9836,6.98
317507,166,1,166,0.0,6.9822,6.98
318303,147,1,147,0.0,6.941,6.94
313293,147,1,147,0.0,6.941,6.94
317357,119,1,119,0.0,6.9242,6.92
312351,119,1,119,0.0,6.9242,6.92
317897,126,1,126,0.0,6.906,6.91
312898,126,1,126,0.0,6.906,6.91
317508,167,1,167,0.0,6.8996,6.9
312509,167,1,167,0.0,6.8996,6.9
317745,87,1,87,0.0,6.8946,6.89
312744,87,1,87,0.0,6.8946,6.89
317356,125,1,125,0.0,6.8626,6.86
312350,125,1,125,0.0,6.8626,6.86
312676,110,1,110,0.0,6.8554,6.86
317676,110,1,110,0.0,6.8554,6.86
312998,116,1,116,0.0,6.8424,6.84
318005,116,1,116,0.0,6.8424,6.84
318482,78,1,78,0.0,6.7874,6.79
318143,170,1,170,0.0,6.7369,6.74
313133,170,1,170,0.0,6.7369,6.74
313296,135,1,135,0.0,6.7214,6.72
318305,134,1,134,0.0,6.7202,6.72
318306,135,1,135,0.0,6.7214,6.72
313297,134,1,134,0.0,6.7202,6.72
317231,130,1,130,0.0,6.7041,6.7
312224,130,1,130,0.0,6.7041,6.7
317632,87,1,87,0.0,6.6922,6.69
312632,87,1,87,0.0,6.6922,6.69
318443,130,1,130,0.0,6.6769,6.68
312463,136,1,136,0.0,6.6793,6.68
313430,130,1,130,0.0,6.6769,6.68
317469,136,1,136,0.0,6.6793,6.68
313047,101,1,101,0.0,6.6686,6.67
318057,101,1,101,0.0,6.6686,6.67
312784,129,1,129,0.0,6.6702,6.67
317784,129,1,129,0.0,6.6702,6.67
317389,119,1,119,0.0,6.6649,6.66
312382,119,1,119,0.0,6.6649,6.66
317766,142,1,142,0.0,6.6496,6.65
312766,142,1,142,0.0,6.6496,6.65
317767,142,1,142,0.0,6.6496,6.65
312767,142,1,142,0.0,6.6496,6.65
313186,98,1,98,0.0,6.6431,6.64
318199,98,1,98,0.0,6.6431,6.64
312633,89,1,89,0.0,6.5913,6.59
317633,89,1,89,0.0,6.5913,6.59
317855,70,1,70,0.0,6.5828,6.58
312855,70,1,70,0.0,6.5828,6.58
312759,152,1,152,0.0,6.5684,6.57
312758,152,1,152,0.0,6.5684,6.57
317759,152,1,152,0.0,6.5684,6.57
317715,178,1,178,0.0,6.5737,6.57
312715,178,1,178,0.0,6.5737,6.57
317760,152,1,152,0.0,6.5684,6.57
317677,133,1,133,0.0,6.5635,6.56
312677,133,1,133,0.0,6.5635,6.56
317515,162,1,162,0.0,6.5064,6.51
312517,162,1,162,0.0,6.5064,6.51
317718,170,1,170,0.0,6.4858,6.49
312718,170,1,170,0.0,6.4858,6.49
318499,91,1,91,0.0,6.4854,6.49
317717,177,1,177,0.0,6.4801,6.48
312717,177,1,177,0.0,6.4801,6.48
317716,161,1,161,0.0,6.4584,6.46
312716,161,1,161,0.0,6.4584,6.46
312235,105,1,105,0.0,6.4609,6.46
317233,118,1,118,0.0,6.4366,6.44
317824,135,1,135,0.0,6.4443,6.44
312824,135,1,135,0.0,6.4443,6.44
312226,118,1,118,0.0,6.4366,6.44
312622,131,1,131,0.0,6.4222,6.42
312994,107,1,107,0.0,6.4159,6.42
317622,131,1,131,0.0,6.4222,6.42
318357,114,1,114,0.0,6.4238,6.42
317999,107,1,107,0.0,6.4159,6.42
313345,114,1,114,0.0,6.4238,6.42
318420,139,1,139,0.0,6.414,6.41
313411,139,1,139,0.0,6.414,6.41
317635,107,1,107,0.0,6.4009,6.4
312635,107,1,107,0.0,6.4009,6.4
317555,101,1,101,0.0,6.3601,6.36
312555,101,1,101,0.0,6.3601,6.36
312997,88,1,88,0.0,6.3512,6.35
318002,88,1,88,0.0,6.3512,6.35
312554,97,1,97,0.0,6.3405,6.34
317554,97,1,97,0.0,6.3405,6.34
313242,117,1,117,0.0,6.3053,6.31
317826,137,1,137,0.0,6.3071,6.31
318253,117,1,117,0.0,6.3053,6.31
312822,137,1,137,0.0,6.3071,6.31
317403,142,1,142,0.0,6.2878,6.29
312405,142,1,142,0.0,6.2878,6.29
312414,140,1,140,0.0,6.2802,6.28
317825,131,1,131,0.0,6.2813,6.28
312823,131,1,131,0.0,6.2813,6.28
317412,140,1,140,0.0,6.2802,6.28
317420,140,1,140,0.0,6.2802,6.28
317900,128,1,128,0.0,6.2713,6.27
312900,128,1,128,0.0,6.2713,6.27
312634,102,1,102,0.0,6.2622,6.26
317634,102,1,102,0.0,6.2622,6.26
312968,93,1,93,0.0,6.2532,6.25
317650,133,1,133,0.0,6.245,6.25
317975,93,1,93,0.0,6.2532,6.25
312651,133,1,133,0.0,6.245,6.25
317821,133,1,133,0.0,6.2446,6.24
312820,133,1,133,0.0,6.2446,6.24
318534,105,1,105,0.0,6.2279,6.23
317711,203,1,203,0.0,6.2095,6.21
312711,203,1,203,0.0,6.2095,6.21
312556,90,1,90,0.0,6.1863,6.19
317556,90,1,90,0.0,6.1863,6.19
317411,140,1,140,0.0,6.1662,6.17
312397,140,1,140,0.0,6.1662,6.17
312464,127,1,127,0.0,6.1469,6.15
317468,127,1,127,0.0,6.1469,6.15
317465,124,1,124,0.0,6.1243,6.12
312461,124,1,124,0.0,6.1243,6.12
317984,97,1,97,0.0,6.0902,6.09
312977,97,1,97,0.0,6.0902,6.09
317609,107,1,107,0.0,6.0644,6.06
312607,107,1,107,0.0,6.0644,6.06
318297,86,1,86,0.0,6.0499,6.05
313287,86,1,86,0.0,6.0499,6.05
317850,83,1,83,0.0,6.0288,6.03
312846,83,1,83,0.0,6.0288,6.03
313298,127,1,127,0.0,6.021,6.02
313168,77,1,77,0.0,6.0156,6.02
318310,127,1,127,0.0,6.021,6.02
318178,77,1,77,0.0,6.0156,6.02
312883,123,1,123,0.0,6.0108,6.01
317884,123,1,123,0.0,6.0108,6.01
317300,55,1,55,0.0,5.9968,6.0
312309,55,1,55,0.0,5.9968,6.0
312983,66,1,66,0.0,5.9822,5.98
317990,66,1,66,0.0,5.9822,5.98
318497,125,1,125,0.0,5.9044,5.9
318000,97,1,97,0.0,5.845,5.85
313387,121,1,121,0.0,5.8486,5.85
318414,121,1,121,0.0,5.8486,5.85
312445,123,1,123,0.0,5.8516,5.85
312993,97,1,97,0.0,5.845,5.85
317783,114,1,114,0.0,5.8323,5.83
312783,114,1,114,0.0,5.8323,5.83
312430,118,1,118,0.0,5.8136,5.81
312541,81,1,81,0.0,5.8092,5.81
318439,111,1,111,0.0,5.8057,5.81
312712,196,1,196,0.0,5.8056,5.81
317542,81,1,81,0.0,5.8092,5.81
317712,196,1,196,0.0,5.8056,5.81
313426,111,1,111,0.0,5.8057,5.81
317442,118,1,118,0.0,5.8136,5.81
317832,120,1,120,0.0,5.7793,5.78
312477,127,1,127,0.0,5.7775,5.78
312831,123,1,123,0.0,5.7757,5.78
317830,123,1,123,0.0,5.7757,5.78
317483,127,1,127,0.0,5.7775,5.78
312832,120,1,120,0.0,5.7793,5.78
318487,98,1,98,0.0,5.7577,5.76
312518,131,1,131,0.0,5.7528,5.75
317516,131,1,131,0.0,5.7528,5.75
317563,131,1,131,0.0,5.6996,5.7
317576,94,1,94,0.0,5.7022,5.7
312563,131,1,131,0.0,5.6996,5.7
312576,94,1,94,0.0,5.7022,5.7
313138,49,1,49,0.0,5.6879,5.69
318148,49,1,49,0.0,5.6879,5.69
317776,95,1,95,0.0,5.6844,5.68
318142,116,1,116,0.0,5.6782,5.68
312778,95,1,95,0.0,5.6844,5.68
317786,126,1,126,0.0,5.6758,5.68
313134,116,1,116,0.0,5.6782,5.68
312787,126,1,126,0.0,5.6758,5.68
317575,84,1,84,0.0,5.6311,5.63
312575,84,1,84,0.0,5.6311,5.63
312552,129,1,129,0.0,5.6111,5.61
317550,129,1,129,0.0,5.6111,5.61
318495,126,1,126,0.0,5.5726,5.57
313254,79,1,79,0.0,5.5699,5.57
318265,79,1,79,0.0,5.5699,5.57
312444,125,1,125,0.0,5.5582,5.56
312987,66,1,66,0.0,5.5493,5.55
317996,66,1,66,0.0,5.5493,5.55
318264,79,1,79,0.0,5.52,5.52
313253,79,1,79,0.0,5.52,5.52
317380,112,1,112,0.0,5.5136,5.51
318489,109,1,109,0.0,5.4986,5.5
312734,102,1,102,0.0,5.4902,5.49
317379,97,1,97,0.0,5.4911,5.49
317733,102,1,102,0.0,5.4902,5.49
312353,97,1,97,0.0,5.4911,5.49
317763,111,1,111,0.0,5.3264,5.33
313246,58,1,58,0.0,5.3291,5.33
318257,58,1,58,0.0,5.3291,5.33
312762,111,1,111,0.0,5.3264,5.33
312761,111,1,111,0.0,5.3264,5.33
317764,111,1,111,0.0,5.3264,5.33
312568,113,1,113,0.0,5.3078,5.31
317567,113,1,113,0.0,5.3078,5.31
312887,110,1,110,0.0,5.3081,5.31
318343,98,1,98,0.0,5.2813,5.28
314711,98,1,98,0.0,5.2813,5.28
318153,78,1,78,0.0,5.2143,5.21
313145,78,1,78,0.0,5.2143,5.21
312890,131,1,131,0.0,5.183,5.18
317986,79,1,79,0.0,5.1691,5.17
312980,79,1,79,0.0,5.1691,5.17
312619,143,1,143,0.0,5.1533,5.15
317620,143,1,143,0.0,5.1533,5.15
312641,61,1,61,0.0,5.1336,5.13
317639,61,1,61,0.0,5.1336,5.13
318245,51,1,51,0.0,5.1194,5.12
313235,49,1,49,0.0,5.1187,5.12
313233,51,1,51,0.0,5.1194,5.12
318247,49,1,49,0.0,5.1187,5.12
312476,118,1,118,0.0,5.0576,5.06
317482,118,1,118,0.0,5.0576,5.06
317740,117,1,117,0.0,5.0257,5.03
312738,117,1,117,0.0,5.0257,5.03
312844,62,1,62,0.0,4.9728,4.97
317852,62,1,62,0.0,4.9728,4.97
318490,102,1,102,0.0,4.9513,4.95
312921,52,1,52,0.0,4.9527,4.95
317391,102,1,102,0.0,4.9384,4.94
318290,49,1,49,0.0,4.9208,4.92
313278,49,1,49,0.0,4.9208,4.92
312466,97,1,97,0.0,4.9023,4.9
317473,91,1,91,0.0,4.9015,4.9
313282,113,1,113,0.0,4.8714,4.87
318292,113,1,113,0.0,4.8714,4.87
312919,53,1,53,0.0,4.8573,4.86
317916,53,1,53,0.0,4.8573,4.86
317915,54,1,54,0.0,4.8492,4.85
312920,54,1,54,0.0,4.8492,4.85
317923,51,1,51,0.0,4.8357,4.84
312673,91,1,91,0.0,4.8284,4.83
317675,91,1,91,0.0,4.8284,4.83
317481,71,1,71,0.0,4.8176,4.82
312475,71,1,71,0.0,4.8176,4.82
312601,87,1,87,0.0,4.8171,4.82
317599,87,1,87,0.0,4.8171,4.82
317869,106,1,106,0.0,4.802,4.8
312872,106,1,106,0.0,4.802,4.8
312566,91,1,91,0.0,4.7772,4.78
317566,91,1,91,0.0,4.7772,4.78
318338,46,1,46,0.0,4.7277,4.73
313328,46,1,46,0.0,4.7277,4.73
312779,72,1,72,0.0,4.7061,4.71
317782,72,1,72,0.0,4.7061,4.71
312604,73,1,73,0.0,4.699,4.7
317604,73,1,73,0.0,4.699,4.7
312781,72,1,72,0.0,4.6904,4.69
317780,72,1,72,0.0,4.6904,4.69
313283,119,1,119,0.0,4.6748,4.67
318293,119,1,119,0.0,4.6748,4.67
317865,99,1,99,0.0,4.6372,4.64
312865,99,1,99,0.0,4.6372,4.64
313249,93,1,93,0.0,4.6336,4.63
318261,93,1,93,0.0,4.6336,4.63
312459,98,1,98,0.0,4.5584,4.56
317467,98,1,98,0.0,4.5584,4.56
318262,90,1,90,0.0,4.551,4.55
313252,90,1,90,0.0,4.551,4.55
312713,154,1,154,0.0,4.4933,4.49
317713,154,1,154,0.0,4.4933,4.49
317804,83,1,83,0.0,4.4823,4.48
312803,83,1,83,0.0,4.4823,4.48
318386,150,1,150,0.0,4.4258,4.43
313379,150,1,150,0.0,4.4258,4.43
312790,79,1,79,0.0,4.4241,4.42
317789,79,1,79,0.0,4.4241,4.42
312714,154,1,154,0.0,4.4109,4.41
317714,154,1,154,0.0,4.4109,4.41
312721,108,1,108,0.0,4.4039,4.4
317721,108,1,108,0.0,4.4039,4.4
317895,73,1,73,0.0,4.336,4.34
312896,73,1,73,0.0,4.336,4.34
318258,80,1,80,0.0,4.3151,4.32
313247,80,1,80,0.0,4.3151,4.32
318502,92,1,92,0.0,4.3068,4.31
317603,63,1,63,0.0,4.2772,4.28
312603,63,1,63,0.0,4.2772,4.28
312782,56,1,56,0.0,4.2705,4.27
317779,56,1,56,0.0,4.2705,4.27
312776,71,1,71,0.0,4.2625,4.26
317778,71,1,71,0.0,4.2625,4.26
318131,46,1,46,0.0,4.2359,4.24
313117,46,1,46,0.0,4.2359,4.24
313346,72,1,72,0.0,4.2133,4.21
318358,72,1,72,0.0,4.2133,4.21
312672,88,1,88,0.0,4.2108,4.21
317672,88,1,88,0.0,4.2108,4.21
313032,50,1,50,0.0,4.1791,4.18
318363,57,1,57,0.0,4.1788,4.18
313355,57,1,57,0.0,4.1788,4.18
318042,50,1,50,0.0,4.1791,4.18
318368,57,1,57,0.0,4.1788,4.18
313351,57,1,57,0.0,4.1788,4.18
312474,56,1,56,0.0,4.1122,4.11
317480,56,1,56,0.0,4.1122,4.11
312899,75,1,75,0.0,4.1046,4.1
317899,75,1,75,0.0,4.1046,4.1
318356,90,1,90,0.0,4.091,4.09
313344,90,1,90,0.0,4.091,4.09
317547,65,1,65,0.0,4.0659,4.07
317486,54,1,54,0.0,4.072,4.07
317674,80,1,80,0.0,4.0686,4.07
317289,46,1,46,0.0,4.0717,4.07
312674,80,1,80,0.0,4.0686,4.07
312549,65,1,65,0.0,4.0659,4.07
312293,46,1,46,0.0,4.0717,4.07
312482,54,1,54,0.0,4.072,4.07
318501,91,1,91,0.0,4.0187,4.02
313250,59,1,59,0.0,3.9896,3.99
318260,59,1,59,0.0,3.9896,3.99
312785,79,1,79,0.0,3.9296,3.93
317788,79,1,79,0.0,3.9296,3.93
312847,52,1,52,0.0,3.9272,3.93
317849,52,1,52,0.0,3.9272,3.93
318207,69,1,69,0.0,3.9152,3.92
313195,69,1,69,0.0,3.9152,3.92
317818,104,1,104,0.0,3.9078,3.91
317722,92,1,92,0.0,3.9138,3.91
312818,104,1,104,0.0,3.9078,3.91
312722,92,1,92,0.0,3.9138,3.91
318263,57,1,57,0.0,3.9014,3.9
313251,57,1,57,0.0,3.9014,3.9
318503,89,1,89,0.0,3.897,3.9
312269,100,1,100,0.0,3.8756,3.88
317272,100,1,100,0.0,3.8756,3.88
317819,97,1,97,0.0,3.804,3.8
312819,97,1,97,0.0,3.804,3.8
312487,91,1,91,0.0,3.7794,3.78
317493,91,1,91,0.0,3.7794,3.78
317476,69,1,69,0.0,3.7784,3.78
318304,101,1,101,0.0,3.7644,3.76
313292,101,1,101,0.0,3.7644,3.76
317543,86,1,86,0.0,3.7593,3.76
312543,86,1,86,0.0,3.7593,3.76
313146,80,1,80,0.0,3.7459,3.75
318156,80,1,80,0.0,3.7459,3.75
312251,51,1,51,0.0,3.7541,3.75
317256,51,1,51,0.0,3.7541,3.75
312612,71,1,71,0.0,3.7367,3.74
317614,71,1,71,0.0,3.7367,3.74
312606,47,1,47,0.0,3.7078,3.71
317606,47,1,47,0.0,3.7078,3.71
318161,102,1,102,0.0,3.7027,3.7
313154,102,1,102,0.0,3.7027,3.7
312258,94,1,94,0.0,3.6885,3.69
317265,94,1,94,0.0,3.6885,3.69
312732,67,1,67,0.0,3.6611,3.66
317735,67,1,67,0.0,3.6611,3.66
317920,35,1,35,0.0,3.6445,3.64
312915,35,1,35,0.0,3.6445,3.64
312472,76,1,76,0.0,3.6261,3.63
317605,48,1,48,0.0,3.6029,3.6
312605,48,1,48,0.0,3.6029,3.6
312247,50,1,50,0.0,3.5738,3.57
317252,50,1,50,0.0,3.5738,3.57
317253,50,1,50,0.0,3.5738,3.57
312248,50,1,50,0.0,3.5738,3.57
312630,65,1,65,0.0,3.5463,3.55
317630,65,1,65,0.0,3.5463,3.55
313033,76,1,76,0.0,3.5421,3.54
318043,76,1,76,0.0,3.5421,3.54
317837,47,1,47,0.0,3.4663,3.47
312839,47,1,47,0.0,3.4663,3.47
318369,68,1,68,0.0,3.4481,3.45
318364,68,1,68,0.0,3.4481,3.45
313354,68,1,68,0.0,3.4481,3.45
313350,68,1,68,0.0,3.4481,3.45
313241,70,1,70,0.0,3.4388,3.44
318252,70,1,70,0.0,3.4388,3.44
317673,72,1,72,0.0,3.4264,3.43
312675,72,1,72,0.0,3.4264,3.43
312410,68,1,68,0.0,3.3961,3.4
317416,68,1,68,0.0,3.3961,3.4
312407,66,1,66,0.0,3.3935,3.39
317419,66,1,66,0.0,3.3935,3.39
318498,66,1,66,0.0,3.3478,3.35
317589,33,1,33,0.0,3.3343,3.33
312588,33,1,33,0.0,3.3343,3.33
317255,46,1,46,0.0,3.3218,3.32
313248,62,1,62,0.0,3.3059,3.31
313240,62,1,62,0.0,3.3059,3.31
318259,62,1,62,0.0,3.3059,3.31
318251,62,1,62,0.0,3.3059,3.31
312255,54,1,54,0.0,3.2912,3.29
317260,54,1,54,0.0,3.2912,3.29
317258,45,1,45,0.0,3.2203,3.22
312488,76,1,76,0.0,3.2227,3.22
317494,76,1,76,0.0,3.2227,3.22
312249,45,1,45,0.0,3.2203,3.22
318418,25,1,25,0.0,3.1978,3.2
318419,25,1,25,0.0,3.1978,3.2
313406,25,1,25,0.0,3.1978,3.2
313407,25,1,25,0.0,3.1978,3.2
312400,65,1,65,0.0,3.1919,3.19
317408,65,1,65,0.0,3.1919,3.19
317470,53,1,53,0.0,3.1516,3.15
312253,57,1,57,0.0,3.1466,3.15
312462,53,1,53,0.0,3.1516,3.15
317259,57,1,57,0.0,3.1466,3.15
313147,71,1,71,0.0,3.1074,3.11
318155,71,1,71,0.0,3.1074,3.11
318135,52,1,52,0.0,3.0998,3.1
313128,52,1,52,0.0,3.0998,3.1
318504,58,1,58,0.0,3.0853,3.09
317544,79,1,79,0.0,3.0774,3.08
312544,79,1,79,0.0,3.0774,3.08
313151,63,1,63,0.0,3.0669,3.07
318159,63,1,63,0.0,3.0669,3.07
318401,66,1,66,0.0,3.0699,3.07
313400,66,1,66,0.0,3.0699,3.07
317631,54,1,54,0.0,3.0224,3.02
312631,54,1,54,0.0,3.0224,3.02
318496,64,1,64,0.0,2.9436,2.94
317254,41,1,41,0.0,2.9224,2.92
312246,41,1,41,0.0,2.9224,2.92
317286,40,1,40,0.0,2.8544,2.85
312281,40,1,40,0.0,2.8544,2.85
317432,58,1,58,0.0,2.8419,2.84
312422,58,1,58,0.0,2.8419,2.84
312404,61,1,61,0.0,2.7954,2.8
317404,61,1,61,0.0,2.7954,2.8
318549,53,1,53,0.0,2.6529,2.65
312416,53,1,53,0.0,2.5962,2.6
317424,53,1,53,0.0,2.5962,2.6
317791,61,1,61,0.0,2.5787,2.58
312791,61,1,61,0.0,2.5787,2.58
312429,44,1,44,0.0,2.4543,2.45
317443,44,1,44,0.0,2.4543,2.45
312792,65,1,65,0.0,2.4393,2.44
317792,65,1,65,0.0,2.4393,2.44
312275,33,1,33,0.0,2.4198,2.42
317283,33,1,33,0.0,2.4198,2.42
312274,33,1,33,0.0,2.4198,2.42
317284,33,1,33,0.0,2.4198,2.42
312567,52,1,52,0.0,2.3633,2.36
317568,52,1,52,0.0,2.3633,2.36
317808,38,1,38,0.0,2.2831,2.28
312805,38,1,38,0.0,2.2831,2.28
318085,35,1,35,0.0,2.2644,2.26
313083,35,1,35,0.0,2.2644,2.26
318097,35,1,35,0.0,2.2644,2.26
313072,35,1,35,0.0,2.2644,2.26
318184,28,1,28,0.0,2.1895,2.19
313177,28,1,28,0.0,2.1895,2.19
312815,45,1,45,0.0,2.1619,2.16
317814,45,1,45,0.0,2.1619,2.16
317598,36,1,36,0.0,2.1496,2.15
312602,36,1,36,0.0,2.1496,2.15
313288,39,1,39,0.0,2.1352,2.14
318296,39,1,39,0.0,2.1352,2.14
317257,25,1,25,0.0,2.1054,2.11
312250,25,1,25,0.0,2.1054,2.11
312577,23,1,23,0.0,2.0745,2.07
317580,23,1,23,0.0,2.0745,2.07
312581,22,1,22,0.0,1.9831,1.98
317585,22,1,22,0.0,1.9831,1.98
317434,44,1,44,0.0,1.8747,1.87
312420,44,1,44,0.0,1.8747,1.87
318319,38,1,38,0.0,1.792,1.79
313308,38,1,38,0.0,1.792,1.79
317844,11,1,11,0.0,1.7686,1.77
312852,11,1,11,0.0,1.7686,1.77
318320,38,1,38,0.0,1.7348,1.73
313307,38,1,38,0.0,1.7348,1.73
313361,37,1,37,0.0,1.5974,1.6
318371,37,1,37,0.0,1.5974,1.6
313027,21,1,21,0.0,1.5204,1.52
318038,21,1,21,0.0,1.5204,1.52
313398,29,1,29,0.0,1.5174,1.52
318403,29,1,29,0.0,1.5174,1.52
317546,62,1,62,0.0,1.5014,1.5
317261,16,1,16,0.0,1.4975,1.5
312546,62,1,62,0.0,1.5014,1.5
312254,16,1,16,0.0,1.4975,1.5
317545,40,1,40,0.0,1.3517,1.35
312545,40,1,40,0.0,1.3517,1.35
318505,29,1,29,0.0,1.1309,1.13
318415,24,1,24,0.0,0.9685,0.97
313386,24,1,24,0.0,0.9685,0.97
4484,1,1,1,0.0,0.0,0.0
