route_id,route_short_name,route_long_name,mode,bus_subtype,days_active,mean_daily_records,cv_daily_records,is_persistent,stability_score
6836,N22,Macdonald,Bus,NightBus,5,441.6,0.0161,True,97.62
16717,209,Mountain Hwy,Bus,Regular Bus,5,2518.2,0.0322,True,95.25
6830,N10,Granville-YVR,Bus,NightBus,5,1539.8,0.034,True,94.98
6796,105,New West Station/Uptown,Bus,Regular Bus,5,4102.4,0.036,True,94.69
6674,212,Dollarton Hwy,Bus,Regular Bus,5,3674.6,0.0405,True,94.02
6838,N35,Hastings St,Bus,NightBus,5,1705.0,0.0416,True,93.86
38311,R2,Marine Drive,Bus,RapidBus,5,14065.8,0.0436,True,93.56
6790,103,New West Station/Quayside,Bus,Regular Bus,5,2596.0,0.044,True,93.5
30584,191,Coquitlam Central Station/Princeton,Bus,Regular Bus,5,3506.0,0.0485,True,92.84
34542,406,Railway Ave,Bus,Regular Bus,5,11083.6,0.0496,True,92.68
6633,041,41st Avenue,Bus,Regular Bus,5,14940.0,0.0517,True,92.37
6659,151,Como Lake Ave,Bus,Regular Bus,5,4831.4,0.052,True,92.32
6623,017,Oak,Bus,Regular Bus,5,14581.8,0.0522,True,92.29
6724,403,Bridgeport Station/Three Road,Bus,Regular Bus,5,12527.0,0.0525,True,92.25
6811,146,Metrotown Station/Suncrest,Bus,Regular Bus,5,1930.4,0.0563,True,91.69
6668,169,Coquitlam Central Station/Braid Station,Bus,Regular Bus,5,4843.0,0.0573,True,91.54
6617,007,Nanaimo Station/Dunbar,Bus,Regular Bus,5,24143.4,0.0577,True,91.48
6612,002,Macdonald,Bus,Regular Bus,5,15398.4,0.0579,True,91.45
31819,363,Southpoint/Peace Arch Hospital,Bus,Regular Bus,5,5400.2,0.0587,True,91.33
6665,157,Burquitlam Station/Lougheed Station,Bus,Regular Bus,5,5836.0,0.0587,True,91.33
30044,181,Moody Centre Station/Ioco,Bus,Regular Bus,5,2298.4,0.059,True,91.29
6618,008,Fraser,Bus,Regular Bus,5,16362.2,0.0607,True,91.04
6679,232,Grouse Mountain/Phibbs Exchange,Bus,Regular Bus,5,6947.8,0.0619,True,90.86
6652,134,Lake City Station/Brentwood Station,Bus,Regular Bus,5,5977.2,0.0623,True,90.8
16719,109,New West Station/Lougheed Station,Bus,Regular Bus,5,3587.0,0.0623,True,90.8
37809,R3,Lougheed Hwy,Bus,RapidBus,5,13982.4,0.0628,True,90.73
6831,N15,Cambie,Bus,NightBus,5,393.8,0.063,True,90.7
6741,601,Bridgeport Station/South Delta,Bus,Regular Bus,5,14788.0,0.0637,True,90.6
6619,009,Broadway,Bus,Regular Bus,5,22904.8,0.0647,True,90.45
30051,189,Coquitlam Central Station/Lafarge Park,Bus,Regular Bus,5,2107.6,0.0648,True,90.43
6647,112,12th Street,Bus,Regular Bus,5,6773.4,0.0654,True,90.35
6702,316,116 Street,Bus,Regular Bus,5,5924.0,0.0655,True,90.33
6625,020,Victoria,Bus,Regular Bus,5,20332.0,0.0657,True,90.3
6620,010,Granville,Bus,Regular Bus,5,17584.8,0.0658,True,90.29
6637,050,Waterfront Station/False Creek South,Bus,Regular Bus,5,9106.4,0.0661,True,90.24
6649,123,Canada Way,Bus,Regular Bus,5,13828.0,0.0661,True,90.24
6677,229,Lonsdale Ave,Bus,Regular Bus,5,6119.2,0.0683,True,89.92
6663,155,6th Avenue,Bus,Regular Bus,5,6011.8,0.0686,True,89.87
6823,616,Ladner South/Ladner Exchange,Bus,Regular Bus,5,1177.6,0.0689,True,89.83
46604,R6,Scott Road,Bus,RapidBus,5,19229.6,0.0689,True,89.83
6667,160,Port Coquitlam Station/Kootenay Loop,Bus,Regular Bus,5,20538.0,0.0699,True,89.68
33538,068,UBC Exchange/Wesbrook Village,Bus,Regular Bus,5,5171.0,0.0699,True,89.68
6654,136,Lougheed Station/Brentwood Station,Bus,Regular Bus,5,6261.4,0.0707,True,89.56
6725,404,Brighouse Station/Four Road,Bus,Regular Bus,5,5350.4,0.0708,True,89.55
30055,023,Pacific,Bus,Regular Bus,5,10271.0,0.0708,True,89.55
17707,337,Fraser Heights/Surrey Central Station,Bus,Regular Bus,5,6859.2,0.0723,True,89.33
6613,003,Main,Bus,Regular Bus,5,16926.4,0.0737,True,89.12
6621,015,Cambie,Bus,Regular Bus,5,8381.2,0.0737,True,89.12
6616,006,Davie,Bus,Regular Bus,5,11525.8,0.0737,True,89.12
6722,401,Brighouse Station/One Road,Bus,Regular Bus,5,9084.8,0.0765,True,88.71
32799,119,Kingsway,Bus,Regular Bus,5,10251.6,0.0765,True,88.71
6660,152,Coquitlam Central Station/Lougheed Station,Bus,Regular Bus,5,7603.0,0.0767,True,88.68
37808,R1,King George Blvd,Bus,RapidBus,5,17571.6,0.0772,True,88.6
6746,608,Ladner Ring,Bus,Regular Bus,4,372.5,0.023,True,88.6
6715,351,White Rock Centre/Bridgeport Station,Bus,Regular Bus,5,18137.6,0.0779,True,88.5
10232,256,Whitby Estate/Park Royal/Spuraway,Bus,Regular Bus,5,1741.4,0.0797,True,88.23
6705,321,King George Blvd,Bus,Regular Bus,5,32085.2,0.0799,True,88.2
12940,595,208 Street,Bus,Regular Bus,5,6780.2,0.0813,True,88.0
6817,147,Metrotown Station/Edmonds Station,Bus,Regular Bus,5,6237.2,0.0815,True,87.97
6749,701,Haney/Maple Ridge East/Coquitlam Station,Bus,Regular Bus,5,17815.0,0.0818,True,87.92
6622,016,29th Avenue Station/Arbutus,Bus,Regular Bus,5,34868.6,0.0821,True,87.88
39304,031,Metrotown Station/River District,Bus,Regular Bus,5,3704.0,0.0839,True,87.61
6703,319,Scott Road,Bus,Regular Bus,5,16812.2,0.084,True,87.6
6726,405,Five Road/Cambie,Bus,Regular Bus,5,7752.0,0.0846,True,87.51
6841,N9,Broadway-Lougheed,Bus,NightBus,5,3262.8,0.0855,True,87.38
6626,022,Knight,Bus,Regular Bus,5,18221.0,0.0864,True,87.25
30045,182,Moody Centre Station/Belcarra,Bus,Regular Bus,5,4502.4,0.0867,True,87.2
6678,230,Lonsdale Ave,Bus,Regular Bus,5,5057.0,0.0871,True,87.14
6738,502,Fraser Hwy,Bus,Regular Bus,5,21728.0,0.0874,True,87.1
6754,855,Elgin Park School Special,Bus,Regular Bus,4,238.2,0.0333,True,87.08
40855,350,White Rock Centre/Crescent Beach,Bus,Regular Bus,5,5314.4,0.0881,True,86.99
6687,250,Horseshoe Bay/Dundarave/Vancouver,Bus,Regular Bus,5,22826.2,0.0885,True,86.94
6642,100,Marine Drive,Bus,Regular Bus,5,21803.2,0.0888,True,86.89
11692,364,64 Avenue,Bus,Regular Bus,5,13940.8,0.0889,True,86.88
6821,322,Newton Exchange/Scottsdale,Bus,Regular Bus,5,13778.2,0.0893,True,86.82
6730,430,Metrotown Station/Brighouse Station,Bus,Regular Bus,5,16219.4,0.09,True,86.71
16718,014,Hastings/UBC Exchange,Bus,Regular Bus,5,25790.8,0.0911,True,86.55
6692,255,Dundarave/Capilano University,Bus,Regular Bus,5,10393.2,0.0923,True,86.37
6614,004,Powell/UBC Exchange,Bus,Regular Bus,5,20075.2,0.0938,True,86.15
6706,323,128 Street,Bus,Regular Bus,5,19962.2,0.0942,True,86.09
6680,236,Grouse Mountain/Lonsdale Quay,Bus,Regular Bus,5,6938.8,0.0962,True,85.8
7321,375,152 Street,Bus,Regular Bus,5,9756.4,0.0964,True,85.77
6828,413,Riverport/Steveston,Bus,Regular Bus,5,2912.4,0.0965,True,85.75
6693,257,Horseshoe Bay/Vancouver Express,Bus,Express,5,11666.0,0.0969,True,85.7
6643,101,Lougheed Station/22nd St Station,Bus,Regular Bus,5,7655.2,0.0972,True,85.65
6727,407,Gilbert/Bridgeport,Bus,Regular Bus,5,11431.2,0.098,True,85.53
6780,215,Indian River/Phibbs Exchange,Bus,Regular Bus,5,3496.8,0.0988,True,85.41
46099,102,New West Station/Victoria  Hill,Bus,Regular Bus,5,3602.4,0.1003,True,85.19
6675,214,Blueridge/Phibbs Exchange/Burrard Station,Bus,Regular Bus,5,2985.4,0.1014,True,85.03
6747,620,Tsawwassen Ferry/Bridgeport Station Exp,Bus,Regular Bus,5,7065.8,0.1017,True,84.99
8290,341,Guildford/Newton Exchange,Bus,Regular Bus,5,6887.8,0.1024,True,84.88
6664,156,Braid Station/Lougheed Station,Bus,Regular Bus,5,6803.4,0.1038,True,84.68
6624,019,Kingsway,Bus,Regular Bus,5,28942.6,0.1046,True,84.56
6833,N17,West Broadway,Bus,NightBus,5,509.4,0.105,True,84.5
6704,320,Langley/Fleetwood/Surrey Central Station,Bus,Regular Bus,5,16986.2,0.1059,True,84.37
6682,240,Lynn Valley/Downtown,Bus,Regular Bus,5,19189.4,0.1065,True,84.28
6666,159,Coquitlam Central Station/Braid Station,Bus,Regular Bus,5,9567.6,0.1074,True,84.15
6615,005,Robson,Bus,Regular Bus,5,11862.8,0.108,True,84.06
6737,501,Langley Centre/Surrey Central Station,Bus,Regular Bus,5,17802.4,0.1083,True,84.01
6646,110,Lougheed Station/Metrotown Station,Bus,Regular Bus,5,10279.0,0.1084,True,84.0
22638,188,Coast Meridian Rd,Bus,Regular Bus,5,8366.8,0.109,True,83.91
6672,210,Mountain Hwy Express,Bus,Express,5,9698.4,0.1114,True,83.55
6645,106,6th Street,Bus,Regular Bus,5,12642.0,0.1114,True,83.55
6707,324,132 Street,Bus,Regular Bus,5,9918.0,0.1114,True,83.55
6630,028,Boundary,Bus,Regular Bus,5,11002.2,0.1116,True,83.53
6688,251,Queens/Park Royal,Bus,Regular Bus,5,2738.6,0.1116,True,83.53
6676,228,Grand Blvd,Bus,Regular Bus,5,6695.6,0.112,True,83.47
30046,183,Moody Centre Station/Coquitlam Central Station,Bus,Regular Bus,5,9080.2,0.1125,True,83.39
6658,145,SFU Exchange/Production Station,Bus,Regular Bus,5,7019.6,0.1125,True,83.39
6776,131,Hastings @ Gilmore/Kootenay Loop,Bus,Regular Bus,5,1498.4,0.1125,True,83.39
6728,410,Brighouse Station/22nd St Station,Bus,Regular Bus,5,24046.8,0.1127,True,83.36
6628,026,Joyce Station/29th Avenue Station,Bus,Regular Bus,5,8846.4,0.1135,True,83.24
6651,130,Willingdon,Bus,Regular Bus,5,18432.6,0.1141,True,83.16
30039,173,Coquitlam Central Station/Cedar,Bus,Regular Bus,5,6180.2,0.1147,True,83.07
6779,262,Lions Bay/Caulfeild,Bus,Regular Bus,5,1581.0,0.1167,True,82.77
6629,027,Rupert,Bus,Regular Bus,5,6483.8,0.1173,True,82.68
11696,609,South Delta Exchange/Ladner Exchange,Bus,Regular Bus,5,7169.6,0.1174,True,82.67
6627,025,King Edward,Bus,Regular Bus,5,29521.0,0.1178,True,82.61
34543,408,Garden City,Bus,Regular Bus,5,8815.8,0.1183,True,82.54
6712,335,Newton Exchange/Surrey Central Station,Bus,Regular Bus,5,25318.8,0.1192,True,82.4
6844,619,South Delta Exchange/Boundary Bay,Bus,Regular Bus,5,938.8,0.12,True,82.29
6822,310,Scottsdale/Ladner,Bus,Regular Bus,5,7871.0,0.1204,True,82.23
6843,614,English Bluff/South Delta Exchange,Bus,Regular Bus,5,903.0,0.1217,True,82.03
18705,531,White Rock Centre/Willowbrook,Bus,Regular Bus,5,11499.4,0.1222,True,81.96
6708,325,140 Street,Bus,Regular Bus,5,7204.6,0.1222,True,81.96
6698,301,Newton Exchange/Brighouse Station Express,Bus,Express,5,12237.2,0.1228,True,81.87
6631,029,Elliott/29th Avenue Station,Bus,Regular Bus,5,3821.2,0.1238,True,81.72
6710,329,Surrey Central Station/Scottsdale,Bus,Regular Bus,5,1416.0,0.1252,True,81.52
29038,342,Langley Centre/Newton Exchange,Bus,Regular Bus,5,13814.2,0.1252,True,81.52
23384,503,Fraser Hwy Express,Bus,Express,5,31852.8,0.1261,True,81.38
37807,R5,Hastings St,Bus,RapidBus,5,25117.6,0.1266,True,81.31
34540,719,Meadowtown/Fraser Way,Bus,Regular Bus,5,1895.6,0.1274,True,81.19
48855,338,East Fraser Heights/Guildford,Bus,Regular Bus,5,2835.6,0.1276,True,81.16
30043,180,Moody Centre Station/Lougheed Station,Bus,Regular Bus,5,8797.8,0.13,True,80.81
33292,133,Holdom Station/Edmonds Station,Bus,Regular Bus,5,6187.2,0.1308,True,80.69
6825,618,Ladner North/Ladner Exchange,Bus,Regular Bus,5,1248.8,0.1312,True,80.63
31821,733,Rock Ridge/Haney Place,Bus,Regular Bus,5,2307.4,0.1314,True,80.6
7322,132,Capitol Hill/Hastings @ Gilmore,Bus,Regular Bus,5,926.2,0.1329,True,80.38
6819,373,Guildford/Surrey Central Station,Bus,Regular Bus,5,12684.2,0.1339,True,80.23
6661,153,Coquitlam Central Station/Braid Station,Bus,Regular Bus,5,6920.8,0.1341,True,80.2
30037,171,Coquitlam Central Station/Fremont,Bus,Regular Bus,5,3902.8,0.1346,True,80.13
30040,174,Coquitlam Central Station/Rocklin,Bus,Regular Bus,5,6216.4,0.135,True,80.07
6650,129,Patterson Station/Holdom Station,Bus,Regular Bus,5,8033.2,0.1378,True,79.66
6700,312,112 Street,Bus,Regular Bus,5,8052.4,0.138,True,79.63
6762,881,Carson Graham School Special,Bus,Regular Bus,4,148.5,0.0846,True,79.51
6761,880,Windsor School Special,Bus,Regular Bus,4,47.2,0.0853,True,79.41
34541,722,Meadowtown/Bonson,Bus,Regular Bus,5,2401.0,0.1408,True,79.21
29039,864,Lord Tweedsmuir School Special,Bus,Regular Bus,4,89.2,0.0875,True,79.08
6818,371,Surrey Central Station/Scott Rd Station,Bus,Regular Bus,5,4517.6,0.1424,True,78.98
22639,227,Lynn Valley/Phibbs Exchange,Bus,Regular Bus,5,3479.8,0.1448,True,78.62
8289,865,Samuel Robertson School Special,Bus,Regular Bus,4,86.0,0.0911,True,78.55
30047,184,Moody Centre Station/Noons Creek,Bus,Regular Bus,5,3569.6,0.1465,True,78.37
30036,170,Port Coquitlam Station/Port Coquitlam South,Bus,Regular Bus,5,2991.2,0.1467,True,78.34
6723,402,Brighouse Station/Two Road,Bus,Regular Bus,5,6665.8,0.147,True,78.3
6713,340,Scottsdale/22nd St Station,Bus,Regular Bus,5,8914.6,0.1474,True,78.24
30038,172,Coquitlam Central Station/Riverside,Bus,Regular Bus,5,5301.0,0.15,True,77.86
30049,186,Coquitlam Central Station/Hampton Park,Bus,Regular Bus,5,4499.4,0.1505,True,77.78
6701,314,Surrey Central Station/Sunbury,Bus,Regular Bus,5,3715.4,0.1511,True,77.69
6673,211,Seymour/Phibbs Exchange/Burrard Station,Bus,Regular Bus,5,8633.4,0.1512,True,77.68
6804,748,Thornhill/Haney Place,Bus,Regular Bus,5,942.8,0.1519,True,77.58
36799,249,Lonsdale Quay/Delbrook,Bus,Regular Bus,5,4046.2,0.1533,True,77.37
6662,128,8th Avenue,Bus,Regular Bus,5,6919.8,0.1558,True,77.0
30048,185,Coquitlam Central Station/Lansdowne,Bus,Regular Bus,5,2856.4,0.1558,True,77.0
6638,084,4th Avenue Express,Bus,Express,5,10540.4,0.1571,True,76.81
31822,741,Rock Ridge/Haney Place,Bus,Regular Bus,5,2489.2,0.1574,True,76.76
30050,187,Coquitlam Central Station/Parkway,Bus,Regular Bus,5,4337.8,0.1576,True,76.73
6837,N24,Downtown/Lynn Valley,Bus,NightBus,5,1224.6,0.1581,True,76.66
6685,246,Highland/Downtown,Bus,Regular Bus,5,7052.6,0.1584,True,76.62
6806,148,Royal Oak Station/Edmonds Station,Bus,Regular Bus,5,4221.8,0.1614,True,76.17
6827,412,Bridgeport Station/Sea Island South,Bus,Regular Bus,5,2581.6,0.1643,True,75.75
37810,R4,41st Avenue,Bus,RapidBus,5,37778.2,0.1702,True,74.87
6641,099,Broadway B-Line,Bus,B-Line,5,42874.0,0.171,True,74.76
6689,252,Inglewood/Park Royal,Bus,Regular Bus,5,2280.8,0.1713,True,74.71
6691,254,British Properties/Park Royal/Van,Bus,Regular Bus,5,2668.4,0.1713,True,74.71
31818,362,Seaside/White Rock Centre,Bus,Regular Bus,5,1509.8,0.1769,True,73.89
6805,749,Ruskin/Haney Place,Bus,Regular Bus,5,946.8,0.1778,True,73.75
11201,033,16 & 33rd Avenue,Bus,Regular Bus,5,14251.6,0.1804,True,73.37
6644,104,22nd St Station/Annacis Island,Bus,Regular Bus,5,7067.2,0.1816,True,73.19
6657,144,SFU Exchange/Metrotown Station,Bus,Regular Bus,5,13209.4,0.1824,True,73.07
6799,743,Haney Place/Meadowtown,Bus,Regular Bus,5,3652.2,0.1885,True,72.17
6690,253,Caulfeild/Vancouver/Park Royal,Bus,Regular Bus,5,3200.6,0.1929,True,71.52
6800,744,Haney Place/Meadowtown,Bus,Regular Bus,5,3545.0,0.1929,True,71.52
6636,049,49th Avenue,Bus,Regular Bus,5,39148.4,0.1948,True,71.24
6648,116,North Fraser Way,Bus,Regular Bus,5,9777.2,0.1965,True,70.99
6709,326,Guildford/Surrey Central Station,Bus,Regular Bus,5,4946.8,0.2042,True,69.86
20667,555,Port Mann Express,Bus,Express,5,6917.6,0.2053,True,69.69
31816,360,Ocean Park/Peace Arch Hospital,Bus,Regular Bus,5,2760.0,0.2186,True,67.73
29040,840,Brookswood School Special,Bus,Regular Bus,4,65.8,0.1718,True,66.64
34042,745,Haney Place/Cottonwood,Bus,Regular Bus,5,2598.6,0.2345,True,65.38
6748,640,River Road,Bus,Regular Bus,5,15365.6,0.2462,True,63.66
31817,361,Ocean Park/White Rock Centre,Bus,Regular Bus,5,2790.2,0.2481,True,63.37
34043,746,Haney Place/Albion,Bus,Regular Bus,5,2916.4,0.2539,True,62.52
13684,414,Richmond Oval/Brighouse Station,Bus,Regular Bus,5,1912.2,0.2654,True,60.82
39307,245,Phibbs Exchange/Capilano University,Bus,Regular Bus,5,5858.2,0.2678,True,60.47
6840,N8,Fraser,Bus,NightBus,5,1195.0,0.2802,True,58.64
6834,N19,Kingsway,Bus,NightBus,5,2292.2,0.3156,True,53.41
6835,N20,Victoria,Bus,NightBus,5,1543.8,0.3241,True,52.16
6719,393,128 Street,Bus,Regular Bus,5,950.2,0.3336,True,50.75
6721,395,Langley Centre/King George Station,Bus,Regular Bus,5,2028.8,0.3477,True,48.67
6743,603,Bridgeport Station/Beach Grove,Bus,Regular Bus,5,1232.6,0.3511,True,48.17
6744,604,Bridgeport Station/English Bluff,Bus,Regular Bus,5,1141.8,0.3577,True,47.2
6717,354,White Rock South/Bridgeport Station,Bus,Regular Bus,5,2227.6,0.3634,True,46.35
6699,311,Scottsdale/Bridgeport Station,Bus,Regular Bus,5,2195.4,0.366,True,45.97
6720,394,White Rock Centre/King George Station,Bus,Regular Bus,5,2796.0,0.3706,True,45.29
6686,247,Grouse Mountain/Downtown,Bus,Regular Bus,5,751.4,0.3736,True,44.85
6745,606,Ladner Ring,Bus,Regular Bus,5,381.0,0.3783,True,44.15
6683,241,Upper Lonsdale/Downtown,Bus,Regular Bus,5,2380.0,0.3848,True,43.19
6716,352,White Rock Centre/Bridgeport Station,Bus,Regular Bus,5,2455.0,0.395,True,41.69
6829,416,East Cambie/Brighouse Station,Bus,Regular Bus,5,1618.2,0.3956,True,41.6
6718,391,116 Street,Bus,Regular Bus,5,705.8,0.3959,True,41.56
6739,509,Walnut Grove/Surrey Central Station,Bus,Regular Bus,5,2249.6,0.3997,True,40.99
11693,388,88 Avenue,Bus,Regular Bus,5,8482.8,0.4013,True,40.76
6714,345,152 Street,Bus,Regular Bus,5,10888.6,0.4058,True,40.09
6635,044,UBC Exchange/Downtown Express,Bus,Express,5,6944.2,0.4365,True,40.0
39305,222,Willingdon Express,Bus,Express,5,7129.2,0.4456,True,40.0
7224,791,Haney Place/Braid Station,Bus,Regular Bus,5,8538.0,0.4296,True,40.0
9745,418,Kingswood/22nd St Station,Bus,Regular Bus,5,2965.4,0.4066,True,40.0
30041,175,Coquitlam Central Station/Meridian,Bus,Regular Bus,5,2123.4,0.4495,True,40.0
45596,080,Marine Dr Express,Bus,Express,5,2246.0,0.4769,True,40.0
6656,143,SFU Exchange/Burquitlam Station,Bus,Regular Bus,5,2366.8,0.4514,True,40.0
6742,602,Bridgeport Station/Tsawwassen Heights,Bus,Regular Bus,5,1462.2,0.4706,True,40.0
18213,231,Harbourside/Lonsdale Quay,Bus,Regular Bus,5,368.0,0.4258,True,40.0
30042,179,Coquitlam Central Station/Buntzen Lake,Bus,Regular Bus,2,1281.0,0.8335,False,16.0
7509,150,Coquitlam Central Station/White Pine Beach,Bus,Regular Bus,2,1195.5,0.5258,False,16.0
11202,042,Alma/Spanish Banks,Bus,Regular Bus,2,883.0,0.4645,False,16.0
