route_rank,route_rank_pct,route_id,route_short_name,route_long_name,mode,bus_subtype,total_records,cumulative_records,cumulative_pct
1,0.4444444444444444,6641,099,Broadway B-Line,Bus,B-Line,214370,214370,2.303192387743411
2,0.8888888888888888,6636,049,49th Avenue,Bus,Regular Bus,195742,410112,4.4062454472278105
3,1.3333333333333335,37810,R4,41st Avenue,Bus,RapidBus,188891,599003,6.4356913273101
4,1.7777777777777777,6622,016,29th Avenue Station/Arbutus,Bus,Regular Bus,174343,773346,8.308833420216521
5,2.2222222222222223,6705,321,King George Blvd,Bus,Regular Bus,160426,933772,10.032451193207725
6,2.666666666666667,23384,503,Fraser Hwy Express,Bus,Express,159264,1093036,11.74358443219437
7,3.111111111111111,6627,025,King Edward,Bus,Regular Bus,147605,1240641,13.329453314933867
8,3.5555555555555554,6624,019,Kingsway,Bus,Regular Bus,144713,1385354,14.884250534729137
9,4.0,16718,014,Hastings/UBC Exchange,Bus,Regular Bus,128954,1514308,16.269732977090772
10,4.444444444444445,6712,335,Newton Exchange/Surrey Central Station,Bus,Regular Bus,126594,1640902,17.62985956725726
11,4.888888888888889,37807,R5,Hastings St,Bus,RapidBus,125588,1766490,18.979177688225302
12,5.333333333333334,6617,007,Nanaimo Station/Dunbar,Bus,Regular Bus,120717,1887207,20.27616176002276
13,5.777777777777778,6728,410,Brighouse Station/22nd St Station,Bus,Regular Bus,120234,2007441,21.567956477324344
14,6.222222222222222,6619,009,Broadway,Bus,Regular Bus,114524,2121965,22.79840292511987
15,6.666666666666667,6687,250,Horseshoe Bay/Dundarave/Vancouver,Bus,Regular Bus,114131,2236096,24.02462697888459
16,7.111111111111111,6642,100,Marine Drive,Bus,Regular Bus,109016,2345112,25.195895446217875
17,7.555555555555555,6738,502,Fraser Hwy,Bus,Regular Bus,108640,2453752,26.3631241676082
18,8.0,6667,160,Port Coquitlam Station/Kootenay Loop,Bus,Regular Bus,102690,2556442,27.466426058252274
19,8.444444444444445,6625,020,Victoria,Bus,Regular Bus,101660,2658102,28.558661623573894
20,8.88888888888889,6614,004,Powell/UBC Exchange,Bus,Regular Bus,100376,2758478,29.637101886260524
21,9.333333333333334,6706,323,128 Street,Bus,Regular Bus,99811,2858289,30.70947178602755
22,9.777777777777779,46604,R6,Scott Road,Bus,RapidBus,96148,2954437,31.742486394866255
23,10.222222222222223,6682,240,Lynn Valley/Downtown,Bus,Regular Bus,95947,3050384,32.77334145866631
24,10.666666666666668,6651,130,Willingdon,Bus,Regular Bus,92163,3142547,33.76354120691278
25,11.11111111111111,6626,022,Knight,Bus,Regular Bus,91105,3233652,34.7423737976921
26,11.555555555555555,6715,351,White Rock Centre/Bridgeport Station,Bus,Regular Bus,90688,3324340,35.7167261383166
27,12.0,6749,701,Haney/Maple Ridge East/Coquitlam Station,Bus,Regular Bus,89075,3413415,36.67374839860603
28,12.444444444444445,6737,501,Langley Centre/Surrey Central Station,Bus,Regular Bus,89012,3502427,37.63009378656991
29,12.88888888888889,6620,010,Granville,Bus,Regular Bus,87924,3590351,38.57474969691162
30,13.333333333333334,37808,R1,King George Blvd,Bus,RapidBus,87858,3678209,39.51869650291227
31,13.777777777777779,6704,320,Langley/Fleetwood/Surrey Central Station,Bus,Regular Bus,84931,3763140,40.43119560578784
32,14.222222222222221,6613,003,Main,Bus,Regular Bus,84632,3847772,41.340482251118345
33,14.666666666666666,6703,319,Scott Road,Bus,Regular Bus,84061,3931833,42.24363406949824
34,15.11111111111111,6618,008,Fraser,Bus,Regular Bus,81811,4013644,43.12261187625141
35,15.555555555555555,6730,430,Metrotown Station/Brighouse Station,Bus,Regular Bus,81097,4094741,43.993918463315026
36,16.0,6612,002,Macdonald,Bus,Regular Bus,76992,4171733,44.82112090916631
37,16.444444444444446,6748,640,River Road,Bus,Regular Bus,76828,4248561,45.64656133817014
38,16.88888888888889,6633,041,41st Avenue,Bus,Regular Bus,74700,4323261,46.44913852417766
39,17.333333333333336,6741,601,Bridgeport Station/South Delta,Bus,Regular Bus,73940,4397201,47.24355026625794
40,17.77777777777778,6623,017,Oak,Bus,Regular Bus,72909,4470110,48.02688493901058
41,18.22222222222222,11201,033,16 & 33rd Avenue,Bus,Regular Bus,71258,4541368,48.792481259231785
42,18.666666666666668,38311,R2,Marine Drive,Bus,RapidBus,70329,4611697,49.54809639865244
43,19.11111111111111,37809,R3,Lougheed Hwy,Bus,RapidBus,69912,4681609,50.299231287918275
44,19.555555555555557,11692,364,64 Avenue,Bus,Regular Bus,69704,4751313,51.048131424109286
45,20.0,6649,123,Canada Way,Bus,Regular Bus,69140,4820453,51.79097194138586
46,20.444444444444446,29038,342,Langley Centre/Newton Exchange,Bus,Regular Bus,69071,4889524,52.533071122305884
47,20.88888888888889,6821,322,Newton Exchange/Scottsdale,Bus,Regular Bus,68891,4958415,53.27323638229578
48,21.333333333333336,6657,144,SFU Exchange/Metrotown Station,Bus,Regular Bus,66047,5024462,53.98284569158947
49,21.777777777777775,6819,373,Guildford/Surrey Central Station,Bus,Regular Bus,63421,5087883,54.66424124331347
50,22.22222222222222,6645,106,6th Street,Bus,Regular Bus,63210,5151093,55.34336980994714
51,22.666666666666664,6724,403,Bridgeport Station/Three Road,Bus,Regular Bus,62635,5213728,56.01632057360955
52,23.11111111111111,6698,301,Newton Exchange/Brighouse Station Express,Bus,Express,61186,5274914,56.67370327378433
53,23.555555555555554,6615,005,Robson,Bus,Regular Bus,59314,5334228,57.310973196285666
54,24.0,6693,257,Horseshoe Bay/Vancouver Express,Bus,Express,58330,5392558,57.93767101770225
55,24.444444444444443,6616,006,Davie,Bus,Regular Bus,57629,5450187,58.556837291496464
56,24.88888888888889,18705,531,White Rock Centre/Willowbrook,Bus,Regular Bus,57497,5507684,59.174585356608574
57,25.333333333333336,6727,407,Gilbert/Bridgeport,Bus,Regular Bus,57156,5564840,59.788669715958584
58,25.77777777777778,34542,406,Railway Ave,Bus,Regular Bus,55418,5620258,60.38408099432759
59,26.222222222222225,6630,028,Boundary,Bus,Regular Bus,55011,5675269,60.975119462593455
60,26.666666666666668,6714,345,152 Street,Bus,Regular Bus,54443,5729712,61.56005533592421
61,27.111111111111114,6638,084,4th Avenue Express,Bus,Express,52702,5782414,62.12628589625846
62,27.555555555555557,6692,255,Dundarave/Capilano University,Bus,Regular Bus,51966,5834380,62.68460886878948
63,28.000000000000004,6646,110,Lougheed Station/Metrotown Station,Bus,Regular Bus,51395,5885775,63.23679701436989
64,28.444444444444443,30055,023,Pacific,Bus,Regular Bus,51355,5937130,63.78855539974361
65,28.888888888888886,32799,119,Kingsway,Bus,Regular Bus,51258,5988388,64.33927161661607
66,29.333333333333332,6707,324,132 Street,Bus,Regular Bus,49590,6037978,64.87206683286927
67,29.777777777777775,6648,116,North Fraser Way,Bus,Regular Bus,48886,6086864,65.39729826948457
68,30.22222222222222,7321,375,152 Street,Bus,Regular Bus,48782,6135646,65.92141232956249
69,30.666666666666664,6672,210,Mountain Hwy Express,Bus,Express,48492,6184138,66.44241062814181
70,31.11111111111111,6666,159,Coquitlam Central Station/Braid Station,Bus,Regular Bus,47838,6231976,66.95638234734166
71,31.555555555555554,6637,050,Waterfront Station/False Creek South,Bus,Regular Bus,45532,6277508,67.44557839062539
72,32.0,6722,401,Brighouse Station/One Road,Bus,Regular Bus,45424,6322932,67.93361408135102
73,32.44444444444444,30046,183,Moody Centre Station/Coquitlam Central Station,Bus,Regular Bus,45401,6368333,68.42140265995782
74,32.88888888888889,6713,340,Scottsdale/22nd St Station,Bus,Regular Bus,44573,6412906,68.90029520228597
75,33.33333333333333,6628,026,Joyce Station/29th Avenue Station,Bus,Regular Bus,44232,6457138,69.37552403885205
76,33.77777777777778,34543,408,Garden City,Bus,Regular Bus,44079,6501217,69.84910904262749
77,34.22222222222222,30043,180,Moody Centre Station/Lougheed Station,Bus,Regular Bus,43989,6545206,70.32172708593785
78,34.66666666666667,6673,211,Seymour/Phibbs Exchange/Burrard Station,Bus,Regular Bus,43167,6588373,70.7855135570006
79,35.11111111111111,7224,791,Haney Place/Braid Station,Bus,Regular Bus,42690,6631063,71.24417513759848
80,35.55555555555556,11693,388,88 Avenue,Bus,Regular Bus,42414,6673477,71.69987137277015
81,36.0,6621,015,Cambie,Bus,Regular Bus,41906,6715383,72.15010965331675
82,36.44444444444444,22638,188,Coast Meridian Rd,Bus,Regular Bus,41834,6757217,72.59957436549128
83,36.888888888888886,6700,312,112 Street,Bus,Regular Bus,40262,6797479,73.03214950154262
84,37.333333333333336,6650,129,Patterson Station/Holdom Station,Bus,Regular Bus,40166,6837645,73.4636932130979
85,37.77777777777778,6822,310,Scottsdale/Ladner,Bus,Regular Bus,39355,6877000,73.88652353646236
86,38.22222222222222,6726,405,Five Road/Cambie,Bus,Regular Bus,38760,6915760,74.3029611767522
87,38.666666666666664,6643,101,Lougheed Station/22nd St Station,Bus,Regular Bus,38276,6954036,74.71419871854101
88,39.111111111111114,6660,152,Coquitlam Central Station/Lougheed Station,Bus,Regular Bus,38015,6992051,75.12263207498113
89,39.55555555555556,6708,325,140 Street,Bus,Regular Bus,36023,7028074,75.5096633731277
90,40.0,11696,609,South Delta Exchange/Ladner Exchange,Bus,Regular Bus,35848,7063922,75.89481447036997
91,40.44444444444444,39305,222,Willingdon Express,Bus,Express,35646,7099568,76.27779527856842
92,40.88888888888889,6644,104,22nd St Station/Annacis Island,Bus,Regular Bus,35336,7134904,76.65744544516497
93,41.333333333333336,6747,620,Tsawwassen Ferry/Bridgeport Station Exp,Bus,Regular Bus,35329,7170233,77.03702040372534
94,41.77777777777778,6685,246,Highland/Downtown,Bus,Regular Bus,35263,7205496,77.41588625794465
95,42.22222222222222,6658,145,SFU Exchange/Production Station,Bus,Regular Bus,35098,7240594,77.79297935131136
96,42.66666666666667,6679,232,Grouse Mountain/Phibbs Exchange,Bus,Regular Bus,34739,7275333,78.16621534682294
97,43.111111111111114,6635,044,UBC Exchange/Downtown Express,Bus,Express,34721,7310054,78.5392579502415
98,43.55555555555555,6680,236,Grouse Mountain/Lonsdale Quay,Bus,Regular Bus,34694,7344748,78.91201046552055
99,44.0,6661,153,Coquitlam Central Station/Braid Station,Bus,Regular Bus,34604,7379352,79.28379602033453
100,44.44444444444444,6662,128,8th Avenue,Bus,Regular Bus,34599,7413951,79.65552785512267
101,44.888888888888886,20667,555,Port Mann Express,Bus,Express,34588,7448539,80.02714150585398
102,45.33333333333333,8290,341,Guildford/Newton Exchange,Bus,Regular Bus,34439,7482978,80.39715429981533
103,45.77777777777778,17707,337,Fraser Heights/Surrey Central Station,Bus,Regular Bus,34296,7517274,80.76563070103774
104,46.22222222222222,6664,156,Braid Station/Lougheed Station,Bus,Regular Bus,34017,7551291,81.13110952481844
105,46.666666666666664,12940,595,208 Street,Bus,Regular Bus,33901,7585192,81.49534204399971
106,47.11111111111111,6647,112,12th Street,Bus,Regular Bus,33867,7619059,81.85920926700528
107,47.55555555555556,6676,228,Grand Blvd,Bus,Regular Bus,33478,7652537,82.21889707200074
108,48.0,6723,402,Brighouse Station/Two Road,Bus,Regular Bus,33329,7685866,82.57698402022623
109,48.44444444444444,6629,027,Rupert,Bus,Regular Bus,32419,7718285,82.92529392374936
110,48.888888888888886,6654,136,Lougheed Station/Brentwood Station,Bus,Regular Bus,31307,7749592,83.2616564935263
111,49.333333333333336,6817,147,Metrotown Station/Edmonds Station,Bus,Regular Bus,31186,7780778,83.59671903867799
112,49.77777777777778,30040,174,Coquitlam Central Station/Rocklin,Bus,Regular Bus,31082,7811860,83.93066420729227
113,50.22222222222222,33292,133,Holdom Station/Edmonds Station,Bus,Regular Bus,30936,7842796,84.26304075115209
114,50.66666666666667,30039,173,Coquitlam Central Station/Cedar,Bus,Regular Bus,30901,7873697,84.59504125483105
115,51.11111111111111,6677,229,Lonsdale Ave,Bus,Regular Bus,30596,7904293,84.92376483693394
116,51.55555555555556,6663,155,6th Avenue,Bus,Regular Bus,30059,7934352,85.24671888826192
117,52.0,6652,134,Lake City Station/Brentwood Station,Bus,Regular Bus,29886,7964238,85.56781422669593
118,52.44444444444445,6702,316,116 Street,Bus,Regular Bus,29620,7993858,85.8860516597554
119,52.888888888888886,39307,245,Phibbs Exchange/Capilano University,Bus,Regular Bus,29291,8023149,86.20075431511479
120,53.333333333333336,6665,157,Burquitlam Station/Lougheed Station,Bus,Regular Bus,29180,8052329,86.5142643859006
121,53.77777777777778,31819,363,Southpoint/Peace Arch Hospital,Bus,Regular Bus,27001,8079330,86.80436326942656
122,54.22222222222223,6725,404,Brighouse Station/Four Road,Bus,Regular Bus,26752,8106082,87.09178689566582
123,54.666666666666664,40855,350,White Rock Centre/Crescent Beach,Bus,Regular Bus,26572,8132654,87.37727660097495
124,55.111111111111114,30038,172,Coquitlam Central Station/Riverside,Bus,Regular Bus,26505,8159159,87.66204645793786
125,55.55555555555556,33538,068,UBC Exchange/Wesbrook Village,Bus,Regular Bus,25855,8185014,87.93983271154194
126,56.00000000000001,6678,230,Lonsdale Ave,Bus,Regular Bus,25285,8210299,88.21149488220058
127,56.44444444444444,6709,326,Guildford/Surrey Central Station,Bus,Regular Bus,24734,8235033,88.47723710601197
128,56.888888888888886,6668,169,Coquitlam Central Station/Braid Station,Bus,Regular Bus,24215,8259248,88.73740319114144
129,57.333333333333336,6659,151,Como Lake Ave,Bus,Regular Bus,24157,8283405,88.99694612397121
130,57.77777777777777,6818,371,Surrey Central Station/Scott Rd Station,Bus,Regular Bus,22588,8305993,89.23963171269327
131,58.22222222222222,30045,182,Moody Centre Station/Belcarra,Bus,Regular Bus,22512,8328505,89.4815007570226
132,58.666666666666664,30049,186,Coquitlam Central Station/Hampton Park,Bus,Regular Bus,22497,8351002,89.72320864127443
133,59.111111111111114,30050,187,Coquitlam Central Station/Parkway,Bus,Regular Bus,21689,8372691,89.95623536935096
134,59.55555555555555,6806,148,Royal Oak Station/Edmonds Station,Bus,Regular Bus,21109,8393800,90.18303057443039
135,60.0,6796,105,New West Station/Uptown,Bus,Regular Bus,20512,8414312,90.40341160842485
136,60.44444444444444,36799,249,Lonsdale Quay/Delbrook,Bus,Regular Bus,20231,8434543,90.62077357696727
137,60.88888888888889,30037,171,Coquitlam Central Station/Fremont,Bus,Regular Bus,19514,8454057,90.83043209380463
138,61.33333333333333,6631,029,Elliott/29th Avenue Station,Bus,Regular Bus,19106,8473163,91.03570705653367
139,61.77777777777778,6701,314,Surrey Central Station/Sunbury,Bus,Regular Bus,18577,8491740,91.23529844052914
140,62.22222222222222,39304,031,Metrotown Station/River District,Bus,Regular Bus,18520,8510260,91.43427741623007
141,62.66666666666667,6674,212,Dollarton Hwy,Bus,Regular Bus,18373,8528633,91.63167702317138
142,63.11111111111111,6799,743,Haney Place/Meadowtown,Bus,Regular Bus,18261,8546894,91.82787330153394
143,63.55555555555556,46099,102,New West Station/Victoria  Hill,Bus,Regular Bus,18012,8564906,92.02139432260982
144,64.0,16719,109,New West Station/Lougheed Station,Bus,Regular Bus,17935,8582841,92.21408805528779
145,64.44444444444444,30047,184,Moody Centre Station/Noons Creek,Bus,Regular Bus,17848,8600689,92.4058470595162
146,64.88888888888889,6800,744,Haney Place/Meadowtown,Bus,Regular Bus,17725,8618414,92.59628455110902
147,65.33333333333333,30584,191,Coquitlam Central Station/Princeton,Bus,Regular Bus,17530,8635944,92.78462696169419
148,65.77777777777779,6780,215,Indian River/Phibbs Exchange,Bus,Regular Bus,17484,8653428,92.97247514804164
149,66.22222222222223,22639,227,Lynn Valley/Phibbs Exchange,Bus,Regular Bus,17399,8670827,93.15941009394987
150,66.66666666666666,6841,N9,Broadway-Lougheed,Bus,NightBus,16314,8687141,93.33468779425144
151,67.11111111111111,6690,253,Caulfeild/Vancouver/Park Royal,Bus,Regular Bus,16003,8703144,93.50662410894593
152,67.55555555555556,30036,170,Port Coquitlam Station/Port Coquitlam South,Bus,Regular Bus,14956,8718100,93.66731145023012
153,68.0,6675,214,Blueridge/Phibbs Exchange/Burrard Station,Bus,Regular Bus,14927,8733027,93.82768721536443
154,68.44444444444444,9745,418,Kingswood/22nd St Station,Bus,Regular Bus,14827,8747854,93.98698857998203
155,68.88888888888889,34043,746,Haney Place/Albion,Bus,Regular Bus,14582,8762436,94.14365766333358
156,69.33333333333334,6828,413,Riverport/Steveston,Bus,Regular Bus,14562,8776998,94.3001118665818
157,69.77777777777779,30048,185,Coquitlam Central Station/Lansdowne,Bus,Regular Bus,14282,8791280,94.45355774838313
158,70.22222222222221,48855,338,East Fraser Heights/Guildford,Bus,Regular Bus,14178,8805458,94.60588625364706
159,70.66666666666667,6720,394,White Rock Centre/King George Station,Bus,Regular Bus,13980,8819438,94.75608744588781
160,71.11111111111111,31817,361,Ocean Park/White Rock Centre,Bus,Regular Bus,13951,8833389,94.90597706197873
161,71.55555555555554,31816,360,Ocean Park/Peace Arch Hospital,Bus,Regular Bus,13800,8847189,95.05424433328935
162,72.0,6688,251,Queens/Park Royal,Bus,Regular Bus,13693,8860882,95.20136199604707
163,72.44444444444444,6691,254,British Properties/Park Royal/Van,Bus,Regular Bus,13342,8874224,95.344708512991
164,72.88888888888889,34042,745,Haney Place/Cottonwood,Bus,Regular Bus,12993,8887217,95.48430537213152
165,73.33333333333333,6790,103,New West Station/Quayside,Bus,Regular Bus,12980,8900197,95.62376255920483
166,73.77777777777777,6827,412,Bridgeport Station/Sea Island South,Bus,Regular Bus,12908,8913105,95.76244617790611
167,74.22222222222223,16717,209,Mountain Hwy,Bus,Regular Bus,12591,8925696,95.89772394696931
168,74.66666666666667,31822,741,Rock Ridge/Haney Place,Bus,Regular Bus,12446,8938142,96.03144383528323
169,75.1111111111111,6716,352,White Rock Centre/Bridgeport Station,Bus,Regular Bus,12275,8950417,96.1633264987135
170,75.55555555555556,34541,722,Meadowtown/Bonson,Bus,Regular Bus,12005,8962422,96.2923082807486
171,76.0,6683,241,Upper Lonsdale/Downtown,Bus,Regular Bus,11900,8974322,96.4201619422411
172,76.44444444444444,6656,143,SFU Exchange/Burquitlam Station,Bus,Regular Bus,11834,8986156,96.54730649939253
173,76.88888888888889,31821,733,Rock Ridge/Haney Place,Bus,Regular Bus,11537,8997693,96.67126008700924
174,77.33333333333333,30044,181,Moody Centre Station/Ioco,Bus,Regular Bus,11492,9009185,96.79473019439342
175,77.77777777777779,6834,N19,Kingsway,Bus,NightBus,11461,9020646,96.91786723761743
176,78.22222222222223,6689,252,Inglewood/Park Royal,Bus,Regular Bus,11404,9032050,97.04039187254688
177,78.66666666666666,6739,509,Walnut Grove/Surrey Central Station,Bus,Regular Bus,11248,9043298,97.1612404426702
178,79.11111111111111,45596,080,Marine Dr Express,Bus,Express,11230,9054528,97.28189562070052
179,79.55555555555556,6717,354,White Rock South/Bridgeport Station,Bus,Regular Bus,11138,9065666,97.40156235025543
180,80.0,6699,311,Scottsdale/Bridgeport Station,Bus,Regular Bus,10977,9076643,97.51949929497839
181,80.44444444444444,30041,175,Coquitlam Central Station/Meridian,Bus,Regular Bus,10617,9087260,97.63356839784106
182,80.88888888888889,30051,189,Coquitlam Central Station/Lafarge Park,Bus,Regular Bus,10538,9097798,97.74678872429551
183,81.33333333333333,6721,395,Langley Centre/King George Station,Bus,Regular Bus,10144,9107942,97.85577591271398
184,81.77777777777779,6811,146,Metrotown Station/Suncrest,Bus,Regular Bus,9652,9117594,97.95947705059008
185,82.22222222222221,13684,414,Richmond Oval/Brighouse Station,Bus,Regular Bus,9561,9127155,98.06220048399594
186,82.66666666666667,34540,719,Meadowtown/Fraser Way,Bus,Regular Bus,9478,9136633,98.16403216497291
187,83.11111111111111,10232,256,Whitby Estate/Park Royal/Spuraway,Bus,Regular Bus,8707,9145340,98.25758021796578
188,83.55555555555556,6838,N35,Hastings St,Bus,NightBus,8525,9153865,98.34917286201818
189,84.0,6829,416,East Cambie/Brighouse Station,Bus,Regular Bus,8091,9161956,98.43610260782792
190,84.44444444444444,6779,262,Lions Bay/Caulfeild,Bus,Regular Bus,7905,9169861,98.52103396867649
191,84.88888888888889,6835,N20,Victoria,Bus,NightBus,7719,9177580,98.60396694456394
192,85.33333333333334,6830,N10,Granville-YVR,Bus,NightBus,7699,9185279,98.68668504034804
193,85.77777777777777,31818,362,Seaside/White Rock Centre,Bus,Regular Bus,7549,9192828,98.76779153535702
194,86.22222222222223,6776,131,Hastings @ Gilmore/Kootenay Loop,Bus,Regular Bus,7492,9200320,98.84828562207146
195,86.66666666666667,6742,602,Bridgeport Station/Tsawwassen Heights,Bus,Regular Bus,7311,9207631,98.92683504385059
196,87.1111111111111,6710,329,Surrey Central Station/Scottsdale,Bus,Regular Bus,7080,9214711,99.00290260043604
197,87.55555555555556,6825,618,Ladner North/Ladner Exchange,Bus,Regular Bus,6244,9220955,99.0699881687015
198,88.0,6743,603,Bridgeport Station/Beach Grove,Bus,Regular Bus,6163,9227118,99.13620347254842
199,88.44444444444444,6837,N24,Downtown/Lynn Valley,Bus,NightBus,6123,9233241,99.20198901618863
200,88.88888888888889,6840,N8,Fraser,Bus,NightBus,5975,9239216,99.26618444706408
201,89.33333333333333,6823,616,Ladner South/Ladner Exchange,Bus,Regular Bus,5888,9245104,99.32944514948994
202,89.77777777777777,6744,604,Bridgeport Station/English Bluff,Bus,Regular Bus,5709,9250813,99.39078267499085
203,90.22222222222223,6719,393,128 Street,Bus,Regular Bus,4751,9255564,99.44182744354133
204,90.66666666666666,6805,749,Ruskin/Haney Place,Bus,Regular Bus,4734,9260298,99.49268956400398
205,91.11111111111111,6804,748,Thornhill/Haney Place,Bus,Regular Bus,4714,9265012,99.54333680436326
206,91.55555555555556,6844,619,South Delta Exchange/Boundary Bay,Bus,Regular Bus,4694,9269706,99.59376916461922
207,92.0,7322,132,Capitol Hill/Hastings @ Gilmore,Bus,Regular Bus,4631,9274337,99.64352465254962
208,92.44444444444444,6843,614,English Bluff/South Delta Exchange,Bus,Regular Bus,4515,9278852,99.6920338358806
209,92.88888888888889,6686,247,Grouse Mountain/Downtown,Bus,Regular Bus,3757,9282609,99.73239906329465
210,93.33333333333333,6718,391,116 Street,Bus,Regular Bus,3529,9286138,99.77031465753053
211,93.77777777777779,30042,179,Coquitlam Central Station/Buntzen Lake,Bus,Regular Bus,2562,9288700,99.79784079876951
212,94.22222222222221,6833,N17,West Broadway,Bus,NightBus,2547,9291247,99.82520577993097
213,94.66666666666667,7509,150,Coquitlam Central Station/White Pine Beach,Bus,Regular Bus,2391,9293638,99.85089469628632
214,95.11111111111111,6836,N22,Macdonald,Bus,NightBus,2208,9295846,99.87461745969601
215,95.55555555555556,6831,N15,Cambie,Bus,NightBus,1969,9297815,99.8957724058707
216,96.0,6745,606,Ladner Ring,Bus,Regular Bus,1905,9299720,99.91623973571467
217,96.44444444444444,18213,231,Harbourside/Lonsdale Quay,Bus,Regular Bus,1840,9301560,99.93600870522275
218,96.88888888888889,11202,042,Alma/Spanish Banks,Bus,Regular Bus,1766,9303326,99.95498261834844
219,97.33333333333334,6746,608,Ladner Ring,Bus,Regular Bus,1490,9304816,99.97099118604793
220,97.77777777777777,6754,855,Elgin Park School Special,Bus,Regular Bus,953,9305769,99.98123022297248
221,98.22222222222223,6762,881,Carson Graham School Special,Bus,Regular Bus,594,9306363,99.98761216204196
222,98.66666666666667,29039,864,Lord Tweedsmuir School Special,Bus,Regular Bus,357,9306720,99.99144777188673
223,99.11111111111111,8289,865,Samuel Robertson School Special,Bus,Regular Bus,344,9307064,99.99514370966432
224,99.55555555555556,29040,840,Brookswood School Special,Bus,Regular Bus,263,9307327,99.99796938302336
225,100.0,6761,880,Windsor School Special,Bus,Regular Bus,189,9307516,100.0
