route_id,sample_count,mean_speed_mps,median_speed_mps,max_speed_mps,mean_speed_kmh,median_speed_kmh,max_speed_kmh
10232,54,0.0,0.0,0.0,0.0,0.0,0.0
11201,633,0.0,0.0,0.0,0.0,0.0,0.0
11202,94,0.0,0.0,0.0,0.0,0.0,0.0
11692,985,0.0,0.0,0.0,0.0,0.0,0.0
11696,345,0.0,0.0,0.0,0.0,0.0,0.0
12940,484,0.0,0.0,0.0,0.0,0.0,0.0
16717,594,0.0,0.0,0.0,0.0,0.0,0.0
16718,1765,0.0,0.0,0.0,0.0,0.0,0.0
16719,338,0.0,0.0,0.0,0.0,0.0,0.0
17707,356,0.0,0.0,0.0,0.0,0.0,0.0
18705,743,0.0,0.0,0.0,0.0,0.0,0.0
20667,246,0.0,0.0,0.0,0.0,0.0,0.0
22638,615,0.0,0.0,0.0,0.0,0.0,0.0
22639,361,0.0,0.0,0.0,0.0,0.0,0.0
23384,1616,0.0,0.0,0.0,0.0,0.0,0.0
29038,836,0.0,0.0,0.0,0.0,0.0,0.0
30036,243,0.0,0.0,0.0,0.0,0.0,0.0
30037,206,0.0,0.0,0.0,0.0,0.0,0.0
30038,387,0.0,0.0,0.0,0.0,0.0,0.0
30039,403,0.0,0.0,0.0,0.0,0.0,0.0
30040,439,0.0,0.0,0.0,0.0,0.0,0.0
30042,188,0.0,0.0,0.0,0.0,0.0,0.0
30043,548,0.0,0.0,0.0,0.0,0.0,0.0
30044,291,0.0,0.0,0.0,0.0,0.0,0.0
30045,255,0.0,0.0,0.0,0.0,0.0,0.0
30046,656,0.0,0.0,0.0,0.0,0.0,0.0
30047,114,0.0,0.0,0.0,0.0,0.0,0.0
30048,96,0.0,0.0,0.0,0.0,0.0,0.0
30049,232,0.0,0.0,0.0,0.0,0.0,0.0
30050,140,0.0,0.0,0.0,0.0,0.0,0.0
30051,71,0.0,0.0,0.0,0.0,0.0,0.0
30055,920,0.0,0.0,0.0,0.0,0.0,0.0
30584,334,0.0,0.0,0.0,0.0,0.0,0.0
31816,93,0.0,0.0,0.0,0.0,0.0,0.0
31817,95,0.0,0.0,0.0,0.0,0.0,0.0
31818,94,0.0,0.0,0.0,0.0,0.0,0.0
31819,423,0.0,0.0,0.0,0.0,0.0,0.0
31821,108,0.0,0.0,0.0,0.0,0.0,0.0
31822,67,0.0,0.0,0.0,0.0,0.0,0.0
32799,754,0.0,0.0,0.0,0.0,0.0,0.0
33292,374,0.0,0.0,0.0,0.0,0.0,0.0
33538,558,0.0,0.0,0.0,0.0,0.0,0.0
34042,86,0.0,0.0,0.0,0.0,0.0,0.0
34043,102,0.0,0.0,0.0,0.0,0.0,0.0
34540,93,0.0,0.0,0.0,0.0,0.0,0.0
34541,95,0.0,0.0,0.0,0.0,0.0,0.0
34542,893,0.0,0.0,0.0,0.0,0.0,0.0
34543,420,0.0,0.0,0.0,0.0,0.0,0.0
36799,253,0.0,0.0,0.0,0.0,0.0,0.0
37807,1947,0.0,0.0,0.0,0.0,0.0,0.0
37808,1397,0.0,0.0,0.0,0.0,0.0,0.0
37809,1173,0.0,0.0,0.0,0.0,0.0,0.0
37810,1884,0.0,0.0,0.0,0.0,0.0,0.0
38311,1305,0.0,0.0,0.0,0.0,0.0,0.0
39304,188,0.0,0.0,0.0,0.0,0.0,0.0
39307,245,0.0,0.0,0.0,0.0,0.0,0.0
40855,468,0.0,0.0,0.0,0.0,0.0,0.0
46099,312,0.0,0.0,0.0,0.0,0.0,0.0
46604,1507,0.0,0.0,0.0,0.0,0.0,0.0
48855,188,0.0,0.0,0.0,0.0,0.0,0.0
6612,1395,0.0,0.0,0.0,0.0,0.0,0.0
6613,1499,0.0,0.0,0.0,0.0,0.0,0.0
6614,1509,0.0,0.0,0.0,0.0,0.0,0.0
6615,1069,0.0,0.0,0.0,0.0,0.0,0.0
6616,934,0.0,0.0,0.0,0.0,0.0,0.0
6617,2070,0.0,0.0,0.0,0.0,0.0,0.0
6618,1493,0.0,0.0,0.0,0.0,0.0,0.0
6619,1898,0.0,0.0,0.0,0.0,0.0,0.0
6620,1414,0.0,0.0,0.0,0.0,0.0,0.0
6621,675,0.0,0.0,0.0,0.0,0.0,0.0
6622,2264,0.0,0.0,0.0,0.0,0.0,0.0
6623,1241,0.0,0.0,0.0,0.0,0.0,0.0
6624,3218,0.0,0.0,0.0,0.0,0.0,0.0
6625,1757,0.0,0.0,0.0,0.0,0.0,0.0
6626,1367,0.0,0.0,0.0,0.0,0.0,0.0
6627,1598,0.0,0.0,0.0,0.0,0.0,0.0
6628,421,0.0,0.0,0.0,0.0,0.0,0.0
6629,304,0.0,0.0,0.0,0.0,0.0,0.0
6630,806,0.0,0.0,0.0,0.0,0.0,0.0
6631,157,0.0,0.0,0.0,0.0,0.0,0.0
6633,1101,0.0,0.0,0.0,0.0,0.0,0.0
6636,1734,0.0,0.0,0.0,0.0,0.0,0.0
6637,763,0.0,0.0,0.0,0.0,0.0,0.0
6638,282,0.0,0.0,0.0,0.0,0.0,0.0
6641,1995,0.0,0.0,0.0,0.0,0.0,0.0
6642,1026,0.0,0.0,0.0,0.0,0.0,0.0
6643,483,0.0,0.0,0.0,0.0,0.0,0.0
6644,326,0.0,0.0,0.0,0.0,0.0,0.0
6645,833,0.0,0.0,0.0,0.0,0.0,0.0
6646,642,0.0,0.0,0.0,0.0,0.0,0.0
6647,479,0.0,0.0,0.0,0.0,0.0,0.0
6648,427,0.0,0.0,0.0,0.0,0.0,0.0
6649,980,0.0,0.0,0.0,0.0,0.0,0.0
6650,520,0.0,0.0,0.0,0.0,0.0,0.0
6651,931,0.0,0.0,0.0,0.0,0.0,0.0
6652,450,0.0,0.0,0.0,0.0,0.0,0.0
6654,516,0.0,0.0,0.0,0.0,0.0,0.0
6657,892,0.0,0.0,0.0,0.0,0.0,0.0
6658,582,0.0,0.0,0.0,0.0,0.0,0.0
6659,470,0.0,0.0,0.0,0.0,0.0,0.0
6660,427,0.0,0.0,0.0,0.0,0.0,0.0
6661,342,0.0,0.0,0.0,0.0,0.0,0.0
6662,375,0.0,0.0,0.0,0.0,0.0,0.0
6663,441,0.0,0.0,0.0,0.0,0.0,0.0
6664,490,0.0,0.0,0.0,0.0,0.0,0.0
6665,504,0.0,0.0,0.0,0.0,0.0,0.0
6666,632,0.0,0.0,0.0,0.0,0.0,0.0
6667,1517,0.0,0.0,0.0,0.0,0.0,0.0
6668,462,0.0,0.0,0.0,0.0,0.0,0.0
6672,394,0.0,0.0,0.0,0.0,0.0,0.0
6673,568,0.0,0.0,0.0,0.0,0.0,0.0
6674,272,0.0,0.0,0.0,0.0,0.0,0.0
6675,155,0.0,0.0,0.0,0.0,0.0,0.0
6676,480,0.0,0.0,0.0,0.0,0.0,0.0
6677,518,0.0,0.0,0.0,0.0,0.0,0.0
6678,316,0.0,0.0,0.0,0.0,0.0,0.0
6679,386,0.0,0.0,0.0,0.0,0.0,0.0
6680,537,0.0,0.0,0.0,0.0,0.0,0.0
6682,876,0.0,0.0,0.0,0.0,0.0,0.0
6685,395,0.0,0.0,0.0,0.0,0.0,0.0
6687,1724,0.0,0.0,0.0,0.0,0.0,0.0
6688,200,0.0,0.0,0.0,0.0,0.0,0.0
6689,169,0.0,0.0,0.0,0.0,0.0,0.0
6690,113,0.0,0.0,0.0,0.0,0.0,0.0
6691,129,0.0,0.0,0.0,0.0,0.0,0.0
6692,821,0.0,0.0,0.0,0.0,0.0,0.0
6693,985,0.0,0.0,0.0,0.0,0.0,0.0
6698,478,0.0,0.0,0.0,0.0,0.0,0.0
6700,417,0.0,0.0,0.0,0.0,0.0,0.0
6701,180,0.0,0.0,0.0,0.0,0.0,0.0
6702,374,0.0,0.0,0.0,0.0,0.0,0.0
6703,1436,0.0,0.0,0.0,0.0,0.0,0.0
6704,1121,0.0,0.0,0.0,0.0,0.0,0.0
6705,2073,0.0,0.0,0.0,0.0,0.0,0.0
6706,1512,0.0,0.0,0.0,0.0,0.0,0.0
6707,625,0.0,0.0,0.0,0.0,0.0,0.0
6708,490,0.0,0.0,0.0,0.0,0.0,0.0
6709,146,0.0,0.0,0.0,0.0,0.0,0.0
6712,1870,0.0,0.0,0.0,0.0,0.0,0.0
6713,403,0.0,0.0,0.0,0.0,0.0,0.0
6715,1147,0.0,0.0,0.0,0.0,0.0,0.0
6722,491,0.0,0.0,0.0,0.0,0.0,0.0
6723,392,0.0,0.0,0.0,0.0,0.0,0.0
6724,1070,0.0,0.0,0.0,0.0,0.0,0.0
6725,291,0.0,0.0,0.0,0.0,0.0,0.0
6726,601,0.0,0.0,0.0,0.0,0.0,0.0
6727,780,0.0,0.0,0.0,0.0,0.0,0.0
6728,1498,0.0,0.0,0.0,0.0,0.0,0.0
6730,930,0.0,0.0,0.0,0.0,0.0,0.0
6737,949,0.0,0.0,0.0,0.0,0.0,0.0
6738,1715,0.0,0.0,0.0,0.0,0.0,0.0
6741,1132,0.0,0.0,0.0,0.0,0.0,0.0
6747,697,0.0,0.0,0.0,0.0,0.0,0.0
6748,545,0.0,0.0,0.0,0.0,0.0,0.0
6749,1326,0.0,0.0,0.0,0.0,0.0,0.0
6776,72,0.0,0.0,0.0,0.0,0.0,0.0
6779,94,0.0,0.0,0.0,0.0,0.0,0.0
6780,199,0.0,0.0,0.0,0.0,0.0,0.0
6790,252,0.0,0.0,0.0,0.0,0.0,0.0
6796,453,0.0,0.0,0.0,0.0,0.0,0.0
6799,113,0.0,0.0,0.0,0.0,0.0,0.0
6800,140,0.0,0.0,0.0,0.0,0.0,0.0
6806,260,0.0,0.0,0.0,0.0,0.0,0.0
6811,94,0.0,0.0,0.0,0.0,0.0,0.0
6817,449,0.0,0.0,0.0,0.0,0.0,0.0
6818,220,0.0,0.0,0.0,0.0,0.0,0.0
6819,676,0.0,0.0,0.0,0.0,0.0,0.0
6821,1179,0.0,0.0,0.0,0.0,0.0,0.0
6822,282,0.0,0.0,0.0,0.0,0.0,0.0
6823,79,0.0,0.0,0.0,0.0,0.0,0.0
6825,74,0.0,0.0,0.0,0.0,0.0,0.0
6828,188,0.0,0.0,0.0,0.0,0.0,0.0
6830,11,0.0,0.0,0.0,0.0,0.0,0.0
6831,2,0.0,0.0,0.0,0.0,0.0,0.0
6833,2,0.0,0.0,0.0,0.0,0.0,0.0
6834,17,0.0,0.0,0.0,0.0,0.0,0.0
6835,3,0.0,0.0,0.0,0.0,0.0,0.0
6836,3,0.0,0.0,0.0,0.0,0.0,0.0
6837,326,0.0,0.0,0.0,0.0,0.0,0.0
6838,13,0.0,0.0,0.0,0.0,0.0,0.0
6840,3,0.0,0.0,0.0,0.0,0.0,0.0
6841,72,0.0,0.0,0.0,0.0,0.0,0.0
6843,61,0.0,0.0,0.0,0.0,0.0,0.0
6844,49,0.0,0.0,0.0,0.0,0.0,0.0
7321,956,0.0,0.0,0.0,0.0,0.0,0.0
7322,22,0.0,0.0,0.0,0.0,0.0,0.0
7509,188,0.0,0.0,0.0,0.0,0.0,0.0
8290,438,0.0,0.0,0.0,0.0,0.0,0.0
